## Redaxo Database Dump Version 5
## Prefix rex_
## charset utf8mb4

SET FOREIGN_KEY_CHECKS = 0;

DROP TABLE IF EXISTS `rex_article`;
CREATE TABLE `rex_article` (
  `pid` int(10) unsigned NOT NULL AUTO_INCREMENT,
  `id` int(10) unsigned NOT NULL,
  `parent_id` int(10) unsigned NOT NULL,
  `name` varchar(255) COLLATE utf8mb4_unicode_ci NOT NULL,
  `catname` varchar(255) COLLATE utf8mb4_unicode_ci NOT NULL,
  `catpriority` int(10) unsigned NOT NULL,
  `startarticle` tinyint(1) NOT NULL,
  `priority` int(10) unsigned NOT NULL,
  `path` varchar(255) COLLATE utf8mb4_unicode_ci NOT NULL,
  `status` tinyint(1) NOT NULL,
  `template_id` int(10) unsigned NOT NULL,
  `clang_id` int(10) unsigned NOT NULL,
  `createdate` datetime NOT NULL,
  `createuser` varchar(255) COLLATE utf8mb4_unicode_ci NOT NULL,
  `updatedate` datetime NOT NULL,
  `updateuser` varchar(255) COLLATE utf8mb4_unicode_ci NOT NULL,
  `revision` int(10) unsigned NOT NULL,
  `art_title` text COLLATE utf8mb4_unicode_ci DEFAULT NULL,
  `art_keywords` text COLLATE utf8mb4_unicode_ci DEFAULT NULL,
  `art_description` text COLLATE utf8mb4_unicode_ci DEFAULT NULL,
  `art_online_from` text COLLATE utf8mb4_unicode_ci DEFAULT NULL,
  `art_online_to` text COLLATE utf8mb4_unicode_ci DEFAULT NULL,
  `art_fullpage_bgimage` varchar(255) COLLATE utf8mb4_unicode_ci DEFAULT '',
  `art_fullpage_bgcolor` text COLLATE utf8mb4_unicode_ci DEFAULT NULL,
  `cat_fullpage_bgimage` varchar(255) COLLATE utf8mb4_unicode_ci DEFAULT '',
  `cat_fullpage_bgcolor` text COLLATE utf8mb4_unicode_ci DEFAULT NULL,
  `cat_fullpage_autoheight` varchar(255) COLLATE utf8mb4_unicode_ci DEFAULT '',
  `cat_fullpage_nomenu` varchar(255) COLLATE utf8mb4_unicode_ci DEFAULT '',
  `art_fullpage_bgvideo` varchar(255) COLLATE utf8mb4_unicode_ci DEFAULT '',
  `cat_fullpage_bgvideo` varchar(255) COLLATE utf8mb4_unicode_ci DEFAULT '',
  PRIMARY KEY (`pid`),
  UNIQUE KEY `find_articles` (`id`,`clang_id`),
  KEY `clang_id` (`clang_id`),
  KEY `parent_id` (`parent_id`)
) ENGINE=InnoDB AUTO_INCREMENT=54 DEFAULT CHARSET=utf8mb4 COLLATE=utf8mb4_unicode_ci;

LOCK TABLES `rex_article` WRITE;
/*!40000 ALTER TABLE `rex_article` DISABLE KEYS */;
INSERT INTO `rex_article` VALUES 
  (1,1,0,'Fullpage-Demo','Fullpage-Demo',1,1,1,'|',1,1,1,'2022-01-14 20:15:05','admin','2023-03-27 22:27:01','admin',0,'Fullpage-Demo für das REDAXO CMS','Fullpage-Demo, REDAXO CMS, fullpage.js','Fullpage-Demo mit fullpage.js für das REDAXO CMS','','','','','','','||','|true|','',''),
  (2,2,0,'Über diese Demo','Über diese Demo',2,1,1,'|',1,1,1,'2022-07-25 21:41:51','admin','2023-01-21 15:50:37','admin',0,'','','','','','','','','','||','||','',''),
  (3,3,0,'Addon-Einstellungen','Addon-Einstellungen',3,1,1,'|',1,1,1,'2022-07-25 00:30:07','admin','2023-01-21 15:50:26','admin',0,'','','','','','','','','','||','||','',''),
  (4,4,0,'Artikel / Kategorien','Artikel / Kategorien',4,1,1,'|',1,1,1,'2022-03-22 23:42:56','admin','2022-08-01 21:08:43','admin',0,'','','','','','','','','','||','||','',''),
  (5,5,0,'Inhaltselemente','Inhaltselemente',5,1,1,'|',1,1,1,'2022-07-22 22:55:04','admin','2022-08-01 21:09:53','admin',0,'','','','','','','','','','||','||','',''),
  (6,6,0,'Informationen','Informationen',6,1,1,'|',1,1,1,'2022-07-23 22:36:27','admin','2022-04-07 00:19:50','admin',0,'','','','','','','','','','||','||','',''),
  (7,7,0,'404','',0,0,1,'|',1,8,1,'2022-01-14 20:15:05','admin','2023-01-20 16:47:08','admin',0,'','','','','','','','','','','','',''),
  (8,8,0,'Download','',0,0,2,'|',1,5,1,'2022-01-14 20:15:05','admin','2022-01-14 20:15:05','admin',0,'','','','','','','','','','','','',''),
  (9,9,13,'Beispiel Download-Modul','Testseite',0,0,4,'|13|',1,1,1,'2022-01-14 20:15:05','admin','2022-08-01 21:14:58','admin',0,'','','','','','pexels-martins-krastins-838981.webp','','','','','','',''),
  (10,10,13,'Beispiel Galerie-Modul','Testseite',0,0,2,'|13|',1,1,1,'2022-01-14 20:15:05','admin','2022-08-01 00:33:03','admin',0,'','','','','','','','','','','','',''),
  (11,11,13,'Beispiele Textmodule','Beispiele Textmodule',1,1,1,'|13|',1,1,1,'2022-01-14 20:15:05','admin','2023-01-20 01:07:06','admin',0,'','','','','','','','','','||','||','',''),
  (12,12,11,'Beispiele Textmodule 2','Beispiele Textmodule',0,0,2,'|13|11|',1,1,1,'2022-01-14 20:15:05','admin','2023-01-20 01:09:05','admin',0,'','','','','','','linear-gradient(90deg, rgba(255,255,255,0.5) 0%, rgba(255,255,255,0) 50%, rgba(0,0,0,0.5) 100%)','','','||','||','',''),
  (13,13,0,'Testseite','Testseite',7,1,1,'|',1,1,1,'2022-01-14 20:15:05','admin','2022-08-01 21:11:32','admin',0,'','','','','','','','','','||','||','',''),
  (16,14,13,'Beispiele UIkit-Elemente 1','Beispiele UIkit-Elemente',2,1,1,'|13|',1,1,1,'2022-01-14 20:15:05','admin','2022-07-24 01:48:28','admin',0,NULL,NULL,NULL,NULL,NULL,'',NULL,'','','||','||','',''),
  (17,15,13,'Hintergrundvideo','Testseite',0,0,3,'|13|',1,1,1,'2022-01-14 20:15:05','admin','2022-07-24 00:52:47','admin',0,'','','','','','','linear-gradient(90deg, rgba(255,255,255,0.5) 0%, rgba(255,255,255,0) 50%, rgba(0,0,0,0.5) 100%)','','','||','||','turntable.mp4',''),
  (18,16,14,'Beispiele UIkit-Elemente 3','Beispiele UIkit-Elemente',0,0,3,'|13|14|',1,1,1,'2022-01-14 20:15:05','admin','2022-08-01 21:13:13','admin',0,NULL,NULL,NULL,NULL,NULL,'',NULL,'',NULL,'','','',''),
  (19,17,14,'Beispiele UIkit-Elemente 2','Beispiele UIkit-Elemente',0,0,2,'|13|14|',1,1,1,'2022-02-11 20:54:10','admin','2022-06-21 22:43:07','admin',0,NULL,NULL,NULL,NULL,NULL,'',NULL,'',NULL,'','','',''),
  (20,18,13,'Sonstige Beispiele','Sonstige Beispiele',3,1,1,'|13|',1,1,1,'2023-01-21 19:30:46','admin','2023-03-30 22:36:08','admin',0,NULL,NULL,NULL,NULL,NULL,'',NULL,'','','||','||','',''),
  (21,19,6,'Fotos und Videos','Informationen',0,0,2,'|6|',1,1,1,'2022-02-13 01:01:19','admin','2022-06-25 02:56:05','admin',0,'','','','','','','','',NULL,'','','drone-river-fly.mp4',''),
  (22,20,18,'Video','Sonstige Beispiele',0,0,2,'|13|18|',1,1,1,'2022-02-16 23:31:40','admin','2022-07-06 22:15:10','admin',0,'','','','','','','rgba(0, 0, 0, .8)','',NULL,'','','',''),
  (24,21,0,'Testseite alle Module','',0,0,3,'|',0,8,1,'2023-01-20 01:11:40','admin','2023-04-01 02:09:17','admin',0,NULL,NULL,NULL,NULL,NULL,'',NULL,'',NULL,'','','',''),
  (25,22,0,'Datenschutzerklärung','',0,0,4,'|',1,8,1,'2023-03-08 21:18:20','admin','2023-03-30 00:39:19','admin',0,NULL,NULL,NULL,NULL,NULL,'',NULL,'',NULL,'','','',''),
  (28,23,0,'Impressum','',0,0,5,'|',1,8,1,'2023-03-08 21:18:29','admin','2023-04-07 00:21:32','admin',0,NULL,NULL,NULL,NULL,NULL,'',NULL,'',NULL,'','','',''),
  (31,1,0,'Fullpage-Demo','Fullpage-Demo',1,1,1,'|',0,1,2,'2022-01-14 20:15:05','admin','2023-03-12 00:34:15','admin',0,'Fullpage-Demo für das REDAXO CMS','Fullpage-Demo, REDAXO CMS, fullpage.js','Fullpage-Demo mit fullpage.js für das REDAXO CMS','','','','','','','||','|true|','',''),
  (32,2,0,'Über diese Demo','Über diese Demo',2,1,1,'|',0,1,2,'2022-07-25 21:41:51','admin','2023-01-21 15:50:37','admin',0,'','','','','','','','','','||','||','',''),
  (33,3,0,'Addon-Einstellungen','Addon-Einstellungen',3,1,1,'|',0,1,2,'2022-07-25 00:30:07','admin','2023-01-21 15:50:26','admin',0,'','','','','','','','','','||','||','',''),
  (34,4,0,'Artikel / Kategorien','Artikel / Kategorien',4,1,1,'|',0,1,2,'2022-03-22 23:42:56','admin','2022-08-01 21:08:43','admin',0,'','','','','','','','','','||','||','',''),
  (35,5,0,'Inhaltselemente','Inhaltselemente',5,1,1,'|',0,1,2,'2022-07-22 22:55:04','admin','2022-08-01 21:09:53','admin',0,'','','','','','','','','','||','||','',''),
  (36,6,0,'Informationen','Informationen',6,1,1,'|',0,1,2,'2022-07-23 22:36:27','admin','2022-04-07 00:19:50','admin',0,'','','','','','','','','','||','||','',''),
  (37,7,0,'404','',0,0,1,'|',0,8,2,'2022-01-14 20:15:05','admin','2023-01-20 16:47:08','admin',0,'','','','','','','','','','','','',''),
  (38,8,0,'Download','',0,0,2,'|',0,5,2,'2022-01-14 20:15:05','admin','2022-01-14 20:15:05','admin',0,'','','','','','','','','','','','',''),
  (39,9,13,'Beispiel Download-Modul','Testseite',0,0,4,'|13|',0,1,2,'2022-01-14 20:15:05','admin','2022-08-01 21:14:58','admin',0,'','','','','','pexels-martins-krastins-838981.webp','','','','','','',''),
  (40,10,13,'Beispiel Galerie-Modul','Testseite',0,0,2,'|13|',0,1,2,'2022-01-14 20:15:05','admin','2022-08-01 00:33:03','admin',0,'','','','','','','','','','','','',''),
  (41,11,13,'Beispiele Textmodule','Beispiele Textmodule',1,1,1,'|13|',0,1,2,'2022-01-14 20:15:05','admin','2023-01-20 01:07:06','admin',0,'','','','','','','','','','||','||','',''),
  (42,12,11,'Beispiele Textmodule 2','Beispiele Textmodule',0,0,2,'|13|11|',0,1,2,'2022-01-14 20:15:05','admin','2023-01-20 01:09:05','admin',0,'','','','','','','linear-gradient(90deg, rgba(255,255,255,0.5) 0%, rgba(255,255,255,0) 50%, rgba(0,0,0,0.5) 100%)','','','||','||','',''),
  (43,13,0,'Testseite','Testseite',7,1,1,'|',0,1,2,'2022-01-14 20:15:05','admin','2022-08-01 21:11:32','admin',0,'','','','','','','','','','||','||','',''),
  (44,14,13,'Beispiele UIkit-Elemente 1','Beispiele UIkit-Elemente',2,1,1,'|13|',0,1,2,'2022-01-14 20:15:05','admin','2022-07-24 01:48:28','admin',0,NULL,NULL,NULL,NULL,NULL,'',NULL,'','','||','||','',''),
  (45,15,13,'Hintergrundvideo','Testseite',0,0,3,'|13|',0,1,2,'2022-01-14 20:15:05','admin','2022-07-24 00:52:47','admin',0,'','','','','','','linear-gradient(90deg, rgba(255,255,255,0.5) 0%, rgba(255,255,255,0) 50%, rgba(0,0,0,0.5) 100%)','','','||','||','turntable.mp4',''),
  (46,16,14,'Beispiele UIkit-Elemente 3','Beispiele UIkit-Elemente',0,0,3,'|13|14|',0,1,2,'2022-01-14 20:15:05','admin','2022-08-01 21:13:13','admin',0,NULL,NULL,NULL,NULL,NULL,'',NULL,'',NULL,'','','',''),
  (47,17,14,'Beispiele UIkit-Elemente 2','Beispiele UIkit-Elemente',0,0,2,'|13|14|',0,1,2,'2022-02-11 20:54:10','admin','2022-06-21 22:43:07','admin',0,NULL,NULL,NULL,NULL,NULL,'',NULL,'',NULL,'','','',''),
  (48,18,13,'Sonstige Beispiele','Sonstige Beispiele',3,1,1,'|13|',0,1,2,'2023-01-21 19:30:46','admin','2023-03-12 00:23:52','admin',0,NULL,NULL,NULL,NULL,NULL,'',NULL,'','','||','||','',''),
  (49,19,6,'Fotos und Videos','Informationen',0,0,2,'|6|',0,1,2,'2022-02-13 01:01:19','admin','2022-06-25 02:56:05','admin',0,'','','','','','','','',NULL,'','','drone-river-fly.mp4',''),
  (50,20,18,'Video','Sonstige Beispiele',0,0,2,'|13|18|',0,1,2,'2022-02-16 23:31:40','admin','2022-07-06 22:15:10','admin',0,'','','','','','','rgba(0, 0, 0, .8)','',NULL,'','','',''),
  (51,21,0,'Testseite alle Module','',0,0,3,'|',0,8,2,'2023-01-20 01:11:40','admin','2023-01-20 22:22:00','admin',0,NULL,NULL,NULL,NULL,NULL,'',NULL,'',NULL,'','','',''),
  (52,22,0,'Datenschutzerklärung','',0,0,4,'|',0,8,2,'2023-03-08 21:18:20','admin','2023-03-08 21:19:26','admin',0,NULL,NULL,NULL,NULL,NULL,'',NULL,'',NULL,'','','',''),
  (53,23,0,'Impressum','',0,0,5,'|',0,8,2,'2023-03-08 21:18:29','admin','2023-03-08 21:19:12','admin',0,NULL,NULL,NULL,NULL,NULL,'',NULL,'',NULL,'','','','');
/*!40000 ALTER TABLE `rex_article` ENABLE KEYS */;
UNLOCK TABLES;

DROP TABLE IF EXISTS `rex_article_slice`;
CREATE TABLE `rex_article_slice` (
  `id` int(10) unsigned NOT NULL AUTO_INCREMENT,
  `article_id` int(10) unsigned NOT NULL,
  `clang_id` int(10) unsigned NOT NULL,
  `ctype_id` int(10) unsigned NOT NULL,
  `module_id` int(10) unsigned NOT NULL,
  `revision` int(11) NOT NULL,
  `priority` int(10) unsigned NOT NULL,
  `status` tinyint(1) NOT NULL DEFAULT 1,
  `value1` mediumtext COLLATE utf8mb4_unicode_ci DEFAULT NULL,
  `value2` mediumtext COLLATE utf8mb4_unicode_ci DEFAULT NULL,
  `value3` mediumtext COLLATE utf8mb4_unicode_ci DEFAULT NULL,
  `value4` mediumtext COLLATE utf8mb4_unicode_ci DEFAULT NULL,
  `value5` mediumtext COLLATE utf8mb4_unicode_ci DEFAULT NULL,
  `value6` mediumtext COLLATE utf8mb4_unicode_ci DEFAULT NULL,
  `value7` mediumtext COLLATE utf8mb4_unicode_ci DEFAULT NULL,
  `value8` mediumtext COLLATE utf8mb4_unicode_ci DEFAULT NULL,
  `value9` mediumtext COLLATE utf8mb4_unicode_ci DEFAULT NULL,
  `value10` mediumtext COLLATE utf8mb4_unicode_ci DEFAULT NULL,
  `value11` mediumtext COLLATE utf8mb4_unicode_ci DEFAULT NULL,
  `value12` mediumtext COLLATE utf8mb4_unicode_ci DEFAULT NULL,
  `value13` mediumtext COLLATE utf8mb4_unicode_ci DEFAULT NULL,
  `value14` mediumtext COLLATE utf8mb4_unicode_ci DEFAULT NULL,
  `value15` mediumtext COLLATE utf8mb4_unicode_ci DEFAULT NULL,
  `value16` mediumtext COLLATE utf8mb4_unicode_ci DEFAULT NULL,
  `value17` mediumtext COLLATE utf8mb4_unicode_ci DEFAULT NULL,
  `value18` mediumtext COLLATE utf8mb4_unicode_ci DEFAULT NULL,
  `value19` mediumtext COLLATE utf8mb4_unicode_ci DEFAULT NULL,
  `value20` mediumtext COLLATE utf8mb4_unicode_ci DEFAULT NULL,
  `media1` varchar(255) COLLATE utf8mb4_unicode_ci DEFAULT NULL,
  `media2` varchar(255) COLLATE utf8mb4_unicode_ci DEFAULT NULL,
  `media3` varchar(255) COLLATE utf8mb4_unicode_ci DEFAULT NULL,
  `media4` varchar(255) COLLATE utf8mb4_unicode_ci DEFAULT NULL,
  `media5` varchar(255) COLLATE utf8mb4_unicode_ci DEFAULT NULL,
  `media6` varchar(255) COLLATE utf8mb4_unicode_ci DEFAULT NULL,
  `media7` varchar(255) COLLATE utf8mb4_unicode_ci DEFAULT NULL,
  `media8` varchar(255) COLLATE utf8mb4_unicode_ci DEFAULT NULL,
  `media9` varchar(255) COLLATE utf8mb4_unicode_ci DEFAULT NULL,
  `media10` varchar(255) COLLATE utf8mb4_unicode_ci DEFAULT NULL,
  `medialist1` text COLLATE utf8mb4_unicode_ci DEFAULT NULL,
  `medialist2` text COLLATE utf8mb4_unicode_ci DEFAULT NULL,
  `medialist3` text COLLATE utf8mb4_unicode_ci DEFAULT NULL,
  `medialist4` text COLLATE utf8mb4_unicode_ci DEFAULT NULL,
  `medialist5` text COLLATE utf8mb4_unicode_ci DEFAULT NULL,
  `medialist6` text COLLATE utf8mb4_unicode_ci DEFAULT NULL,
  `medialist7` text COLLATE utf8mb4_unicode_ci DEFAULT NULL,
  `medialist8` text COLLATE utf8mb4_unicode_ci DEFAULT NULL,
  `medialist9` text COLLATE utf8mb4_unicode_ci DEFAULT NULL,
  `medialist10` text COLLATE utf8mb4_unicode_ci DEFAULT NULL,
  `link1` varchar(10) COLLATE utf8mb4_unicode_ci DEFAULT NULL,
  `link2` varchar(10) COLLATE utf8mb4_unicode_ci DEFAULT NULL,
  `link3` varchar(10) COLLATE utf8mb4_unicode_ci DEFAULT NULL,
  `link4` varchar(10) COLLATE utf8mb4_unicode_ci DEFAULT NULL,
  `link5` varchar(10) COLLATE utf8mb4_unicode_ci DEFAULT NULL,
  `link6` varchar(10) COLLATE utf8mb4_unicode_ci DEFAULT NULL,
  `link7` varchar(10) COLLATE utf8mb4_unicode_ci DEFAULT NULL,
  `link8` varchar(10) COLLATE utf8mb4_unicode_ci DEFAULT NULL,
  `link9` varchar(10) COLLATE utf8mb4_unicode_ci DEFAULT NULL,
  `link10` varchar(10) COLLATE utf8mb4_unicode_ci DEFAULT NULL,
  `linklist1` text COLLATE utf8mb4_unicode_ci DEFAULT NULL,
  `linklist2` text COLLATE utf8mb4_unicode_ci DEFAULT NULL,
  `linklist3` text COLLATE utf8mb4_unicode_ci DEFAULT NULL,
  `linklist4` text COLLATE utf8mb4_unicode_ci DEFAULT NULL,
  `linklist5` text COLLATE utf8mb4_unicode_ci DEFAULT NULL,
  `linklist6` text COLLATE utf8mb4_unicode_ci DEFAULT NULL,
  `linklist7` text COLLATE utf8mb4_unicode_ci DEFAULT NULL,
  `linklist8` text COLLATE utf8mb4_unicode_ci DEFAULT NULL,
  `linklist9` text COLLATE utf8mb4_unicode_ci DEFAULT NULL,
  `linklist10` text COLLATE utf8mb4_unicode_ci DEFAULT NULL,
  `createdate` datetime NOT NULL,
  `createuser` varchar(255) COLLATE utf8mb4_unicode_ci NOT NULL,
  `updatedate` datetime NOT NULL,
  `updateuser` varchar(255) COLLATE utf8mb4_unicode_ci NOT NULL,
  PRIMARY KEY (`id`),
  KEY `slice_priority` (`article_id`,`priority`,`module_id`),
  KEY `find_slices` (`clang_id`,`article_id`)
) ENGINE=InnoDB AUTO_INCREMENT=138 DEFAULT CHARSET=utf8mb4 COLLATE=utf8mb4_unicode_ci;

LOCK TABLES `rex_article_slice` WRITE;
/*!40000 ALTER TABLE `rex_article_slice` DISABLE KEYS */;
INSERT INTO `rex_article_slice` VALUES 
  (18,1,1,1,3,0,3,1,NULL,NULL,NULL,NULL,NULL,NULL,NULL,NULL,NULL,NULL,NULL,NULL,NULL,NULL,NULL,NULL,NULL,NULL,NULL,NULL,'screen01.webp',NULL,NULL,NULL,NULL,NULL,NULL,NULL,NULL,NULL,NULL,NULL,NULL,NULL,NULL,NULL,NULL,NULL,NULL,NULL,NULL,NULL,NULL,NULL,NULL,NULL,NULL,NULL,NULL,NULL,NULL,NULL,NULL,NULL,NULL,NULL,NULL,NULL,NULL,NULL,'2022-01-14 20:15:05','admin','2022-08-01 21:06:43','admin'),
  (19,1,1,1,1,0,1,1,NULL,NULL,NULL,NULL,NULL,NULL,NULL,NULL,NULL,'Fullpage-Demo','h1',NULL,NULL,NULL,NULL,NULL,NULL,NULL,NULL,NULL,NULL,NULL,NULL,NULL,NULL,NULL,NULL,NULL,NULL,NULL,NULL,NULL,NULL,NULL,NULL,NULL,NULL,NULL,NULL,NULL,NULL,NULL,NULL,NULL,NULL,NULL,NULL,NULL,NULL,NULL,NULL,NULL,NULL,NULL,NULL,NULL,NULL,NULL,NULL,NULL,'2022-01-14 20:15:05','admin','2023-01-20 00:04:42','admin'),
  (21,1,1,1,1,0,2,1,NULL,NULL,NULL,NULL,NULL,NULL,NULL,NULL,NULL,'für das REDAXO CMS','h1',NULL,NULL,NULL,NULL,NULL,NULL,NULL,NULL,NULL,NULL,NULL,NULL,NULL,NULL,NULL,NULL,NULL,NULL,NULL,NULL,NULL,NULL,NULL,NULL,NULL,NULL,NULL,NULL,NULL,NULL,NULL,NULL,NULL,NULL,NULL,NULL,NULL,NULL,NULL,NULL,NULL,NULL,NULL,NULL,NULL,NULL,NULL,NULL,NULL,'2022-01-14 20:15:05','admin','2022-01-14 20:15:05','admin'),
  (24,3,1,1,2,0,1,1,'Über die Addon-Einstellungen können einige Parameter für die optische Darstellung und Funktionalität der Webseite geändert werden.\r\n\r\nzum Beispiel ...\r\n\r\n* Theme und Logo\r\n* Scrollverhalten der Website\r\n* zusätzliche Navigationen (Navi-Dots)\r\n* Scrollgeschwindigkeit usw.','','Mit dem Addon werden automatisch vier verschiedene Themes ausgeliefert.\r\n\r\nSie unterscheiden sich durch unterschiedliche CSS-Definitionen, Bilder und JavaScript-Effekte.\r\n\r\nDie Themes können als Basis für ein eigenes Theme verwendet werden.',NULL,NULL,NULL,NULL,NULL,'3','Addon-Einstellungen','h2',NULL,NULL,NULL,NULL,NULL,NULL,NULL,NULL,NULL,'','screenshot_addon_settings.webp','',NULL,NULL,NULL,NULL,NULL,NULL,NULL,NULL,NULL,NULL,NULL,NULL,NULL,NULL,NULL,NULL,NULL,NULL,NULL,NULL,NULL,NULL,NULL,NULL,NULL,NULL,NULL,NULL,NULL,NULL,NULL,NULL,NULL,NULL,NULL,NULL,NULL,'2022-01-14 20:15:05','admin','2023-01-20 00:30:58','admin'),
  (29,5,1,1,2,0,1,1,'','Die Fullpage-Demo bringt einige Basis-Module als Beispiele für die Inhalte mit.\r\n\r\n* Headline\r\n* Text mit Bild (1-3 Spalten)\r\n* Zentrierter Text (1 - 3 Spalten)\r\n* Bild in voller Größe\r\n* Bildergalerie\r\n* Video\r\n* Scrolldown/Scrollup-Arrow\r\n* Download\r\n\r\n**Hinweis:** *Die Textfelder unterstützen Markdown*\r\n','',NULL,NULL,NULL,NULL,NULL,'2','Inhaltselemente','h2',NULL,NULL,NULL,NULL,NULL,NULL,NULL,NULL,NULL,'screenshot_module.webp','','',NULL,NULL,NULL,NULL,NULL,NULL,NULL,NULL,NULL,NULL,NULL,NULL,NULL,NULL,NULL,NULL,NULL,NULL,NULL,NULL,NULL,NULL,NULL,NULL,NULL,NULL,NULL,NULL,NULL,NULL,NULL,NULL,NULL,NULL,NULL,NULL,NULL,'2022-01-14 20:15:05','admin','2022-08-01 21:09:53','admin'),
  (37,7,1,1,1,0,1,1,'','','','','','','','','','Error 404','h1','','','','','','','','','','','','','','','','','','','','','','','','','','','','','','','','','','','','','','','','','','','','','','','','','','2022-01-14 20:15:05','admin','2022-01-14 20:15:05','admin'),
  (39,9,1,1,1,0,1,1,NULL,NULL,NULL,NULL,NULL,NULL,NULL,NULL,NULL,'Beispiel Downloads','h2',NULL,NULL,NULL,NULL,NULL,NULL,NULL,NULL,NULL,NULL,NULL,NULL,NULL,NULL,NULL,NULL,NULL,NULL,NULL,NULL,NULL,NULL,NULL,NULL,NULL,NULL,NULL,NULL,NULL,NULL,NULL,NULL,NULL,NULL,NULL,NULL,NULL,NULL,NULL,NULL,NULL,NULL,NULL,NULL,NULL,NULL,NULL,NULL,NULL,'2022-01-14 20:15:05','admin','2022-02-21 01:19:55','admin'),
  (40,10,1,1,1,0,1,1,NULL,NULL,NULL,NULL,NULL,NULL,NULL,NULL,NULL,'Beispiel Bildergalerie','h2',NULL,NULL,NULL,NULL,NULL,NULL,NULL,NULL,NULL,NULL,NULL,NULL,NULL,NULL,NULL,NULL,NULL,NULL,NULL,NULL,NULL,NULL,NULL,NULL,NULL,NULL,NULL,NULL,NULL,NULL,NULL,NULL,NULL,NULL,NULL,NULL,NULL,NULL,NULL,NULL,NULL,NULL,NULL,NULL,NULL,NULL,NULL,NULL,NULL,'2022-01-14 20:15:05','admin','2022-02-21 01:18:29','admin'),
  (41,11,1,1,1,0,1,1,NULL,NULL,NULL,NULL,NULL,NULL,NULL,NULL,NULL,'Beispiele Textmodule','h2',NULL,NULL,NULL,NULL,NULL,NULL,NULL,NULL,NULL,NULL,NULL,NULL,NULL,NULL,NULL,NULL,NULL,NULL,NULL,NULL,NULL,NULL,NULL,NULL,NULL,NULL,NULL,NULL,NULL,NULL,NULL,NULL,NULL,NULL,NULL,NULL,NULL,NULL,NULL,NULL,NULL,NULL,NULL,NULL,NULL,NULL,NULL,NULL,NULL,'2022-01-14 20:15:05','admin','2022-02-11 20:44:20','admin'),
  (42,12,1,1,1,0,1,1,NULL,NULL,NULL,NULL,NULL,NULL,NULL,NULL,NULL,'Beispiele Textmodule','h2',NULL,NULL,NULL,NULL,NULL,NULL,NULL,NULL,NULL,NULL,NULL,NULL,NULL,NULL,NULL,NULL,NULL,NULL,NULL,NULL,NULL,NULL,NULL,NULL,NULL,NULL,NULL,NULL,NULL,NULL,NULL,NULL,NULL,NULL,NULL,NULL,NULL,NULL,NULL,NULL,NULL,NULL,NULL,NULL,NULL,NULL,NULL,NULL,NULL,'2022-01-14 20:15:05','admin','2022-02-11 20:45:12','admin'),
  (44,9,1,1,6,0,2,1,NULL,'','h2',NULL,NULL,NULL,NULL,NULL,NULL,NULL,NULL,NULL,NULL,NULL,NULL,NULL,NULL,NULL,NULL,NULL,NULL,NULL,NULL,NULL,NULL,NULL,NULL,NULL,NULL,NULL,'pdf-testdatei.pdf,word-testdatei.doc,zip-testdatei.zip,logo.svg,screen01.webp,drone-river-fly.mp4',NULL,NULL,NULL,NULL,NULL,NULL,NULL,NULL,NULL,NULL,NULL,NULL,NULL,NULL,NULL,NULL,NULL,NULL,NULL,NULL,NULL,NULL,NULL,NULL,NULL,NULL,NULL,NULL,NULL,'2022-01-14 20:15:05','admin','2022-08-01 21:14:58','admin'),
  (46,2,1,1,2,0,1,1,'Die Fullpage-Demo für REDAXO demonstriert eine sogenannte **Onepage-Website** oder auch **Onepager** mit **fullPage.js**.\r\n\r\nAlle Inhalte werden auf *einer* Webseite in *Fullpage-Slides* dargestellt und beim scrollen wird direkt zum nächsten *Slide* gescrollt.\r\n\r\nDie Inhalte werden aus den Artikeln der Kategorien zu den einzelnen *Slides* der Website zusammengesetzt. Die Navigation wird automatisch generiert.','','',NULL,NULL,NULL,NULL,NULL,'2','Über diese Demo','h2',NULL,NULL,NULL,NULL,NULL,NULL,NULL,NULL,NULL,'','screenshot_struktur.webp','',NULL,NULL,NULL,NULL,NULL,NULL,NULL,NULL,NULL,NULL,NULL,NULL,NULL,NULL,NULL,NULL,NULL,NULL,NULL,NULL,NULL,NULL,NULL,NULL,NULL,NULL,NULL,NULL,NULL,NULL,NULL,NULL,NULL,NULL,NULL,NULL,NULL,'2022-01-14 20:15:05','admin','2023-01-20 00:29:52','admin'),
  (47,4,1,1,2,0,1,1,'Die Root-Kategorien und ihre Startartikel werden automatisch als Slides der Webseite zusammengesetzt.\r\n\r\nDie Namen der Kategorien werden für die automatisch generierte Navigation verwendet.\r\n\r\nKategorien können über die Metadaten aus der Navigation ausgeblendet werden.','','Sind mehrere Artikel in einer Kategorie vorhanden werden diese automatisch als *horizontale* Slides ausgegeben.\r\n\r\nÜber die Addon-Einstellungen können auch Unterkategorien und ihre Artikel als *horizontale* Slides ausgegeben werden.\r\n\r\nDer On/Offline-Modus für Kategorien und Artikel wird berücksichtigt.',NULL,NULL,NULL,NULL,NULL,'3','Artikel / Kategorien','h2',NULL,NULL,NULL,NULL,NULL,NULL,NULL,NULL,NULL,'','screenshot_metainfo.webp','',NULL,NULL,NULL,NULL,NULL,NULL,NULL,NULL,NULL,NULL,NULL,NULL,NULL,NULL,NULL,NULL,NULL,NULL,NULL,NULL,NULL,NULL,NULL,NULL,NULL,NULL,NULL,NULL,NULL,NULL,NULL,NULL,NULL,NULL,NULL,NULL,NULL,'2022-01-14 20:15:05','admin','2022-08-01 21:08:43','admin'),
  (48,6,1,1,2,0,1,1,'Die **Fullpage-Demo** für **REDAXO** ist völlig frei verwendbar, sowohl für private als auch für kommerzielle Projekte!\r\n\r\nAddon und Themes von **Andreas Eberhard** https://aesoft.de\r\n\r\nzu finden bei **github** https://github.com/FriendsOfREDAXO/demo_fullpage\r\n\r\nfür **FriendsOfREDAXO** https://friendsofredaxo.github.io/info\r\n\r\n\r\n','','Bugs und Anregungen zur Demo bitte direkt auf github melden\r\nhttps://github.com/FriendsOfREDAXO/demo_fullpage/issues\r\n\r\n**Vielen Dank an:**\r\nJan Kristinus, Thomas Blum, Gregor Harlan, Peter Bickel, Dirk Schürjohann, FriendsOfREDAXO ...',NULL,NULL,NULL,NULL,NULL,'3','Informationen zur Fullpage-Demo','h2',NULL,NULL,NULL,NULL,NULL,NULL,NULL,NULL,NULL,'','for.png','',NULL,NULL,NULL,NULL,NULL,NULL,NULL,NULL,NULL,NULL,NULL,NULL,NULL,NULL,NULL,NULL,NULL,NULL,NULL,NULL,NULL,NULL,NULL,NULL,NULL,NULL,NULL,NULL,NULL,NULL,NULL,NULL,NULL,NULL,NULL,NULL,NULL,'2022-01-14 20:15:05','admin','2022-03-03 22:58:33','admin'),
  (49,13,1,1,2,0,2,1,'Hier noch eine Testseite mit **horizontalen Slides**. Alle Artikel dieser Kategorie werden als *horizontale* Slides ausgegeben.\r\nDie Artikel der Unterkategorien werden je nach Addon-Einstellung auch als *horizontale* Slides ausgegeben.\r\n\r\nFür alle Slides wird automatisch das Hintergrundbild dieser Kategorie übernommen. \r\nFür jeden einzelnen Slide können über die Artikel-Meta-Daten folgende Werte angepasst werden:\r\n\r\n* Hintergrundfarbe\r\n* Hintergrundbild\r\n* Hintergrund-Video','','',NULL,NULL,NULL,NULL,NULL,'2','Testseite','h2',NULL,NULL,NULL,NULL,NULL,NULL,NULL,NULL,NULL,'','screenshot_struktur_testseite.webp','',NULL,NULL,NULL,NULL,NULL,NULL,NULL,NULL,NULL,NULL,NULL,NULL,NULL,NULL,NULL,NULL,NULL,NULL,NULL,NULL,NULL,NULL,NULL,NULL,NULL,NULL,NULL,NULL,NULL,NULL,NULL,NULL,NULL,NULL,NULL,NULL,NULL,'2022-01-14 20:15:05','admin','2022-08-01 21:11:32','admin'),
  (50,10,1,1,4,0,2,1,NULL,NULL,NULL,NULL,NULL,NULL,NULL,NULL,NULL,NULL,NULL,NULL,NULL,NULL,NULL,NULL,NULL,NULL,NULL,NULL,NULL,NULL,NULL,NULL,NULL,NULL,NULL,NULL,NULL,NULL,'pexels-daria-shevtsova-1030919.webp,pexels-viktoria-alipatova-2074130.webp,pexels-karolina-grabowska-6920335.webp,pexels-chevanon-photography-302899.webp,pexels-andrea-piacquadio-935743.webp,pexels-lood-goosen-1235706.webp',NULL,NULL,NULL,NULL,NULL,NULL,NULL,NULL,NULL,NULL,NULL,NULL,NULL,NULL,NULL,NULL,NULL,NULL,NULL,NULL,NULL,NULL,NULL,NULL,NULL,NULL,NULL,NULL,NULL,'2022-01-14 20:15:05','admin','2022-08-01 00:33:03','admin'),
  (55,11,1,1,7,0,2,1,'**Lorem ipsum dolor sit amet, consectetur adipisicing elit.**\r\n\r\n*Lorem ipsum dolor sit amet, consectetur adipisicing elit.*\r\n\r\nLorem ipsum dolor sit amet, consectetur adipisicing elit.\r\n\r\n[FriendsOfREDAXO](https://friendsofredaxo.github.io/)','Lorem ipsum dolor sit amet, consectetur adipisicing elit.\r\n\r\n<span class=\"uk-text-muted\">uk-text-muted</span>\r\n<span class=\"uk-text-primary\">uk-text-primary</span>\r\n<span class=\"uk-text-secondary\">uk-text-secondary</span>\r\n<span class=\"uk-text-success\">uk-text-success</span>\r\n<span class=\"uk-text-warning\">uk-text-warning</span>\r\n<span class=\"uk-text-danger\">uk-text-danger</span>','Lorem ipsum dolor sit amet, consectetur adipisicing elit.\r\n\r\nLorem ipsum dolor sit amet, consectetur adipisicing elit.\r\n\r\n[<i uk-icon=\"icon: video-camera;\"></i> Testseite mit Video](#testseite/video)\r\n\r\n<a href=\"#testseite/hintergrundvideo\" class=\"uk-button uk-button-primary\"><i uk-padding uk-icon=\"icon: video-camera;\"></i> Testseite mit Hintergrundvideo</a>',NULL,NULL,NULL,NULL,NULL,'3','3x zentrierter Text','h3',NULL,NULL,NULL,NULL,NULL,NULL,NULL,NULL,NULL,NULL,NULL,NULL,NULL,NULL,NULL,NULL,NULL,NULL,NULL,NULL,NULL,NULL,NULL,NULL,NULL,NULL,NULL,NULL,NULL,NULL,NULL,NULL,NULL,NULL,NULL,NULL,NULL,NULL,NULL,NULL,NULL,NULL,NULL,NULL,NULL,NULL,NULL,NULL,NULL,'2022-01-14 20:15:05','admin','2023-01-20 01:07:06','admin'),
  (56,12,1,1,7,0,3,1,'Lorem ipsum dolor sit amet, consectetur adipisicing elit.\r\n\r\n[REDAXO Community World Map](https://friendsofredaxo.github.io/community/)','**Lorem ipsum dolor sit amet, consectetur adipisicing elit.**\r\n\r\n*Lorem ipsum dolor sit amet, consectetur adipisicing elit.*\r\n\r\nLorem ipsum dolor sit amet, consectetur adipisicing elit.','',NULL,NULL,NULL,NULL,NULL,'2','2x zentrierter Text','h2',NULL,NULL,NULL,NULL,NULL,NULL,NULL,NULL,NULL,NULL,NULL,NULL,NULL,NULL,NULL,NULL,NULL,NULL,NULL,NULL,NULL,NULL,NULL,NULL,NULL,NULL,NULL,NULL,NULL,NULL,NULL,NULL,NULL,NULL,NULL,NULL,NULL,NULL,NULL,NULL,NULL,NULL,NULL,NULL,NULL,NULL,NULL,NULL,NULL,'2022-01-14 20:15:05','admin','2023-01-20 01:09:05','admin'),
  (57,12,1,1,7,0,2,1,'<p class=\"uk-text-warning\">\r\n<i class=\"fas fa-exclamation-circle uk-text-large\"></i>\r\n<strong>Dieser horizontale Slide hat eine eigene <em>Hintergrundfarbe</em> in den Artikel-Meta-Daten!</strong>\r\n</p>','','',NULL,NULL,NULL,NULL,NULL,'1','1x zentrierter Text','h2',NULL,NULL,NULL,NULL,NULL,NULL,NULL,NULL,NULL,NULL,NULL,NULL,NULL,NULL,NULL,NULL,NULL,NULL,NULL,NULL,NULL,NULL,NULL,NULL,NULL,NULL,NULL,NULL,NULL,NULL,NULL,NULL,NULL,NULL,NULL,NULL,NULL,NULL,NULL,NULL,NULL,NULL,NULL,NULL,NULL,NULL,NULL,NULL,NULL,'2022-01-14 20:15:05','admin','2023-01-20 01:07:55','admin'),
  (59,9,1,1,7,0,3,1,'<p class=\"uk-text-warning\">\r\n<i class=\"fas fa-exclamation-circle uk-text-large\"></i>\r\n<strong>Für diesen horizontalen Slide ist über die Artikel-Meta-Daten ein eigenes Hintergrundbild aus dem Medienpool eingestellt!</strong>\r\n</p>','','',NULL,NULL,NULL,NULL,NULL,'1','','h1',NULL,NULL,NULL,NULL,NULL,NULL,NULL,NULL,NULL,NULL,NULL,NULL,NULL,NULL,NULL,NULL,NULL,NULL,NULL,NULL,NULL,NULL,NULL,NULL,NULL,NULL,NULL,NULL,NULL,NULL,NULL,NULL,NULL,NULL,NULL,NULL,NULL,NULL,NULL,NULL,NULL,NULL,NULL,NULL,NULL,NULL,NULL,NULL,NULL,'2022-01-14 20:15:05','admin','2022-03-07 22:31:15','admin'),
  (63,1,1,1,5,0,4,1,NULL,NULL,NULL,NULL,NULL,NULL,NULL,NULL,NULL,NULL,'down',NULL,NULL,NULL,NULL,NULL,NULL,NULL,NULL,NULL,NULL,NULL,NULL,NULL,NULL,NULL,NULL,NULL,NULL,NULL,NULL,NULL,NULL,NULL,NULL,NULL,NULL,NULL,NULL,NULL,NULL,NULL,NULL,NULL,NULL,NULL,NULL,NULL,NULL,NULL,NULL,NULL,NULL,NULL,NULL,NULL,NULL,NULL,NULL,NULL,'2022-01-14 20:15:05','admin','2022-01-14 20:15:05','admin'),
  (72,14,1,1,8,0,3,1,'<div class=\"uk-child-width-1-2@s uk-text-center\" uk-grid>\r\n    <div>\r\n        <div class=\"uk-background-default uk-padding uk-panel\">\r\n            <p>uk-background-default</p>\r\n        </div>\r\n    </div>\r\n    <div>\r\n        <div class=\"uk-background-muted uk-padding uk-panel uk-text-left\">\r\n            <p>uk-background-muted</p>\r\n        </div>\r\n    </div>\r\n    <div>\r\n        <div class=\"uk-background-primary uk-light uk-padding uk-panel uk-text-right\">\r\n            <p>uk-background-primary</p>\r\n        </div>\r\n    </div>\r\n    <div>\r\n        <div class=\"uk-background-secondary uk-light uk-padding uk-panel\">\r\n            <p>uk-background-secondary</p>\r\n        </div>\r\n    </div>\r\n</div>',NULL,NULL,NULL,NULL,NULL,NULL,NULL,NULL,NULL,NULL,NULL,NULL,NULL,NULL,NULL,NULL,NULL,NULL,NULL,NULL,NULL,NULL,NULL,NULL,NULL,NULL,NULL,NULL,NULL,NULL,NULL,NULL,NULL,NULL,NULL,NULL,NULL,NULL,NULL,NULL,NULL,NULL,NULL,NULL,NULL,NULL,NULL,NULL,NULL,NULL,NULL,NULL,NULL,NULL,NULL,NULL,NULL,NULL,NULL,'2022-01-14 20:15:05','admin','2022-07-18 00:17:12','admin'),
  (73,14,1,1,1,0,1,1,NULL,NULL,NULL,NULL,NULL,NULL,NULL,NULL,NULL,'Beispiele UIkit-Elemente 1','h2',NULL,NULL,NULL,NULL,NULL,NULL,NULL,NULL,NULL,NULL,NULL,NULL,NULL,NULL,NULL,NULL,NULL,NULL,NULL,NULL,NULL,NULL,NULL,NULL,NULL,NULL,NULL,NULL,NULL,NULL,NULL,NULL,NULL,NULL,NULL,NULL,NULL,NULL,NULL,NULL,NULL,NULL,NULL,NULL,NULL,NULL,NULL,NULL,NULL,'2022-01-14 20:15:05','admin','2022-02-21 01:29:25','admin'),
  (75,14,1,1,8,0,2,1,'<div class=\"uk-background-default uk-padding uk-margin-bottom\">\r\n<div class=\"uk-padding-remove\">\r\n    <button class=\"uk-button uk-button-default uk-margin-small-right uk-margin-small-bottom\">Default</button>\r\n    <button class=\"uk-button uk-button-primary uk-margin-small-right uk-margin-small-bottom\">Primary</button>\r\n    <button class=\"uk-button uk-button-secondary uk-margin-small-right uk-margin-small-bottom\">Secondary</button>\r\n    <button class=\"uk-button uk-button-danger uk-margin-small-right uk-margin-small-bottom\">Danger</button>\r\n    <button class=\"uk-button uk-button-text uk-margin-small-right uk-margin-small-bottom\">Text</button>\r\n    <button class=\"uk-button uk-button-link uk-margin-small-right uk-margin-small-bottom\">Link</button>\r\n    <button class=\"uk-button uk-button-primary uk-button-small uk-margin-small-right uk-margin-small-bottom\">Primary small</button>\r\n    <button class=\"uk-button uk-button-secondary uk-button-large uk-margin-small-right uk-margin-small-bottom\">Secondary large</button>\r\n</div>\r\n</div>',NULL,NULL,NULL,NULL,NULL,NULL,NULL,NULL,NULL,NULL,NULL,NULL,NULL,NULL,NULL,NULL,NULL,NULL,NULL,NULL,NULL,NULL,NULL,NULL,NULL,NULL,NULL,NULL,NULL,NULL,NULL,NULL,NULL,NULL,NULL,NULL,NULL,NULL,NULL,NULL,NULL,NULL,NULL,NULL,NULL,NULL,NULL,NULL,NULL,NULL,NULL,NULL,NULL,NULL,NULL,NULL,NULL,NULL,NULL,'2022-01-14 20:15:05','admin','2022-07-24 01:48:28','admin'),
  (80,15,1,1,2,0,1,1,'**Ein horizontaler Slide mit Hintergrundvideo**\r\n\r\nHintergrundvideos werden automatisch, ohne Ton und in Endlosschleife abgespielt.\r\n\r\nBeim verlassen des Slides wird das Video gestoppt, beim anzeigen des Slides wieder automatisch gestartet. ','','',NULL,NULL,NULL,NULL,NULL,'1','Beispiel Hintergrundvideo','h2',NULL,NULL,NULL,NULL,NULL,NULL,NULL,NULL,NULL,'','','',NULL,NULL,NULL,NULL,NULL,NULL,NULL,NULL,NULL,NULL,NULL,NULL,NULL,NULL,NULL,NULL,NULL,NULL,NULL,NULL,NULL,NULL,NULL,NULL,NULL,NULL,NULL,NULL,NULL,NULL,NULL,NULL,NULL,NULL,NULL,NULL,NULL,'2022-01-14 20:15:05','admin','2022-02-27 02:22:58','admin'),
  (86,17,1,1,8,0,2,1,'<div class=\"uk-child-width-1-2@s uk-grid-match\" uk-grid>\r\n    <div>\r\n        <div class=\"uk-card uk-card-body\">\r\n            <h3 class=\"uk-card-title\">uk-card-default</h3>\r\n            <p>Lorem ipsum dolor sit amet, consectetur adipisicing elit.</p>\r\n        </div>\r\n    </div>\r\n    <div>\r\n        <div class=\"uk-card-default uk-card-hover uk-card-body\">\r\n            <h3 class=\"uk-card-title\">uk-card-hover</h3>\r\n            <p>Lorem ipsum dolor sit amet, consectetur adipisicing elit.</p>\r\n        </div>\r\n    </div>\r\n    <div>\r\n        <div class=\"uk-card-primary uk-card-hover uk-card-body\">\r\n            <h3 class=\"uk-card-title\">uk-card-primary</h3>\r\n            <p>Lorem ipsum dolor sit amet, consectetur adipisicing elit.</p>\r\n        </div>\r\n    </div>\r\n    <div>\r\n        <div class=\"uk-card-secondary uk-card-hover uk-card-body\">\r\n            <h3 class=\"uk-card-title\">uk-card-secondary</h3>\r\n            <p>Lorem ipsum dolor sit amet, consectetur adipisicing elit.</p>\r\n        </div>\r\n    </div>\r\n</div>',NULL,NULL,NULL,NULL,NULL,NULL,NULL,NULL,NULL,NULL,NULL,NULL,NULL,NULL,NULL,NULL,NULL,NULL,NULL,NULL,NULL,NULL,NULL,NULL,NULL,NULL,NULL,NULL,NULL,NULL,NULL,NULL,NULL,NULL,NULL,NULL,NULL,NULL,NULL,NULL,NULL,NULL,NULL,NULL,NULL,NULL,NULL,NULL,NULL,NULL,NULL,NULL,NULL,NULL,NULL,NULL,NULL,NULL,NULL,'2022-02-11 20:54:32','admin','2022-06-21 22:43:07','admin'),
  (87,17,1,1,1,0,1,1,NULL,NULL,NULL,NULL,NULL,NULL,NULL,NULL,NULL,'Beispiele UIkit-Elemente 2','h2',NULL,NULL,NULL,NULL,NULL,NULL,NULL,NULL,NULL,NULL,NULL,NULL,NULL,NULL,NULL,NULL,NULL,NULL,NULL,NULL,NULL,NULL,NULL,NULL,NULL,NULL,NULL,NULL,NULL,NULL,NULL,NULL,NULL,NULL,NULL,NULL,NULL,NULL,NULL,NULL,NULL,NULL,NULL,NULL,NULL,NULL,NULL,NULL,NULL,'2022-02-11 20:57:41','admin','2022-02-21 01:29:40','admin'),
  (88,18,1,1,8,0,2,1,'<?php\r\n$addon = rex_addon::get(\'demo_fullpage\');\r\n$themeid = $addon->getConfig(\'theme\'); // Theme aus den Einstellungen\r\nif (rex_request(\'theme\',\'string\',\'\') != \'\') {\r\n    $themeid = rex_request(\'theme\',\'string\',\'\'); // Theme-Parameter in der URL\r\n}\r\n\r\n$lightboxwidth = \'100vw\';\r\n$lightboxheight = \'calc(100vh - 80px)\';\r\nif ($themeid == \'coffee\') {\r\n    $lightboxwidth = \'100vw\';\r\n    $lightboxheight = \'calc(100vh - 80px)\';\r\n}\r\nif ($themeid == \'bike\') {\r\n    $lightboxwidth = \'95vw\';\r\n    $lightboxheight = \'calc(100vh - 80px)\';\r\n}\r\nif ($themeid == \'road\') {\r\n    $lightboxwidth = \'98vw\';\r\n    $lightboxheight = \'calc(100vh - 80px)\';\r\n}\r\n?>\r\n\r\n<div class=\"uk-background-default\">\r\n<div class=\"uk-padding uk-margin-bottom\">\r\n    <p>Beispiele Content in der <strong>GLightbox</strong> öffnen mit <strong>class=\"lightboxcontent\"</strong></p>\r\n    <p>Gruppierung durch das Attribut <strong>data-gallery=\"galleryname\"</strong></p>\r\n\r\n    <p>\r\n        <a class=\"lightboxcontent uk-button uk-button-default uk-margin-right uk-margin-bottom\" data-gallery=\"gallery:video\" href=\"./media/guitarvideo.mp4\">Video aus dem Medienpool</a>\r\n\r\n        <a class=\"lightboxcontent uk-button uk-button-primary uk-margin-right uk-margin-bottom extcontent\" data-gallery=\"gallery:video\" href=\"https://vimeo.com/27246366\"><strong>„MOVE“</strong> bei vimeo</a>\r\n\r\n        <a class=\"lightboxcontent uk-button uk-button-secondary uk-margin-right uk-margin-bottom extcontent\" data-gallery=\"gallery:video\" href=\"https://www.youtube.com/watch?v=uQITWbAaDx0\"><strong>„Blue hole“</strong> bei youtube</a>\r\n    </p>\r\n    \r\n    <p>    \r\n        <a class=\"lightboxcontent uk-button uk-button-danger uk-margin-right uk-margin-bottom extcontent\" data-gallery=\"gallery:youtube\" href=\"https://www.youtube.com/watch?v=5bmolBYHDZI\"><strong>„Bastards“</strong> bei youtube</a>\r\n\r\n        <a class=\"lightboxcontent uk-button uk-button-secondary uk-margin-right uk-margin-bottom extcontent\" data-gallery=\"gallery:youtube\" href=\"https://www.youtube.com/watch?v=XqmknZNg1yw\"><strong>„Protect The Land“</strong> bei youtube</a>\r\n        \r\n        <a class=\"lightboxcontent uk-button uk-button-primary uk-margin-right uk-margin-bottom extcontent\" data-gallery=\"gallery:youtube\" href=\"https://www.youtube.com/watch?v=EbHGS_bVkXY\"><strong>„ZEIT“</strong> bei youtube</a>\r\n    </p>\r\n\r\n    <p>\r\n        <a class=\"lightboxcontent uk-button uk-button-default uk-margin-right uk-margin-bottom\" data-gallery=\"gallery:external\" data-width=\"<?php echo $lightboxwidth; ?>\" data-height=\"<?php echo $lightboxheight; ?>\" href=\"./index.php?article_id=6&type=lightboxcontent&theme=<?php echo $themeid; ?>\">Interner Content</a>   \r\n\r\n        <a class=\"lightboxcontent uk-button uk-button-primary uk-margin-right uk-margin-bottom extcontent\" data-gallery=\"gallery:external\" data-width=\"<?php echo $lightboxwidth; ?>\" data-height=\"<?php echo $lightboxheight; ?>\" href=\"https://friendsofredaxo.github.io/\">Friends Of REDAXO</a>\r\n\r\n        <a class=\"lightboxcontent uk-button uk-button-secondary uk-margin-right uk-margin-bottom extcontent\" data-gallery=\"gallery:external\" data-width=\"<?php echo $lightboxwidth; ?>\" data-height=\"<?php echo $lightboxheight; ?>\" href=\"https://friendsofredaxo.github.io/community/\">REDAXO Community World Map</a>\r\n    </p>\r\n\r\n</div>\r\n</div>\r\n\r\n',NULL,NULL,NULL,NULL,NULL,NULL,NULL,NULL,NULL,NULL,NULL,NULL,NULL,NULL,NULL,NULL,NULL,NULL,NULL,NULL,NULL,NULL,NULL,NULL,NULL,NULL,NULL,NULL,NULL,NULL,NULL,NULL,NULL,NULL,NULL,NULL,NULL,NULL,NULL,NULL,NULL,NULL,NULL,NULL,NULL,NULL,NULL,NULL,NULL,NULL,NULL,NULL,NULL,NULL,NULL,NULL,NULL,NULL,NULL,'2022-02-11 21:03:32','admin','2023-03-30 22:10:00','admin'),
  (89,19,1,1,2,0,1,1,'**Fotos für diese Demo:**\r\nhttps://www.pexels.com/search/coffee/\r\nhttps://www.pexels.com/search/bike/\r\nhttps://www.pexels.com/search/road/\r\n\r\nAlle weiteren Fotos sind im Medienpool entsprechend beschrieben.','','',NULL,NULL,NULL,NULL,NULL,'1','Fotos und Videos dieser Demo','h2',NULL,NULL,NULL,NULL,NULL,NULL,NULL,NULL,NULL,'','','',NULL,NULL,NULL,NULL,NULL,NULL,NULL,NULL,NULL,NULL,NULL,NULL,NULL,NULL,NULL,NULL,NULL,NULL,NULL,NULL,NULL,NULL,NULL,NULL,NULL,NULL,NULL,NULL,NULL,NULL,NULL,NULL,NULL,NULL,NULL,NULL,NULL,'2022-02-13 01:01:36','admin','2022-06-24 01:42:21','admin'),
  (90,18,1,1,1,0,1,1,NULL,NULL,NULL,NULL,NULL,NULL,NULL,NULL,NULL,'Sonstige Beispiele','h2',NULL,NULL,NULL,NULL,NULL,NULL,NULL,NULL,NULL,NULL,NULL,NULL,NULL,NULL,NULL,NULL,NULL,NULL,NULL,NULL,NULL,NULL,NULL,NULL,NULL,NULL,NULL,NULL,NULL,NULL,NULL,NULL,NULL,NULL,NULL,NULL,NULL,NULL,NULL,NULL,NULL,NULL,NULL,NULL,NULL,NULL,NULL,NULL,NULL,'2022-02-14 02:55:41','admin','2022-02-14 02:55:41','admin'),
  (94,19,1,1,2,0,2,1,'**Videos:**\r\nVideo by Matthias Groeneveld from Pexels https://www.pexels.com/video/5292753/\r\nVideo by Stefano Rinaldo from Pexels https://www.pexels.com/video/4913621/\r\nVideo by Deniz Bostanov from Pexels https://www.pexels.com/video/3345545/\r\n\r\n','','',NULL,NULL,NULL,NULL,NULL,'1','','h1',NULL,NULL,NULL,NULL,NULL,NULL,NULL,NULL,NULL,'','','',NULL,NULL,NULL,NULL,NULL,NULL,NULL,NULL,NULL,NULL,NULL,NULL,NULL,NULL,NULL,NULL,NULL,NULL,NULL,NULL,NULL,NULL,NULL,NULL,NULL,NULL,NULL,NULL,NULL,NULL,NULL,NULL,NULL,NULL,NULL,NULL,NULL,'2022-02-19 01:32:07','admin','2022-06-25 02:56:05','admin'),
  (95,20,1,1,9,0,2,1,NULL,NULL,NULL,NULL,NULL,NULL,NULL,NULL,NULL,'1','1','1','1',NULL,NULL,NULL,NULL,NULL,NULL,NULL,'guitarvideo.mp4',NULL,NULL,NULL,NULL,NULL,NULL,NULL,NULL,NULL,NULL,NULL,NULL,NULL,NULL,NULL,NULL,NULL,NULL,NULL,NULL,NULL,NULL,NULL,NULL,NULL,NULL,NULL,NULL,NULL,NULL,NULL,NULL,NULL,NULL,NULL,NULL,NULL,NULL,NULL,'2022-02-20 03:02:40','admin','2022-07-06 22:15:10','admin'),
  (96,20,1,1,1,0,1,1,NULL,NULL,NULL,NULL,NULL,NULL,NULL,NULL,NULL,'Beispiel Video','h2',NULL,NULL,NULL,NULL,NULL,NULL,NULL,NULL,NULL,NULL,NULL,NULL,NULL,NULL,NULL,NULL,NULL,NULL,NULL,NULL,NULL,NULL,NULL,NULL,NULL,NULL,NULL,NULL,NULL,NULL,NULL,NULL,NULL,NULL,NULL,NULL,NULL,NULL,NULL,NULL,NULL,NULL,NULL,NULL,NULL,NULL,NULL,NULL,NULL,'2022-02-20 22:36:49','admin','2022-02-21 01:40:22','admin'),
  (100,16,1,1,1,0,1,1,NULL,NULL,NULL,NULL,NULL,NULL,NULL,NULL,NULL,'UIkit Slideshow mit GLightbox','h2',NULL,NULL,NULL,NULL,NULL,NULL,NULL,NULL,NULL,NULL,NULL,NULL,NULL,NULL,NULL,NULL,NULL,NULL,NULL,NULL,NULL,NULL,NULL,NULL,NULL,NULL,NULL,NULL,NULL,NULL,NULL,NULL,NULL,NULL,NULL,NULL,NULL,NULL,NULL,NULL,NULL,NULL,NULL,NULL,NULL,NULL,NULL,NULL,NULL,'2022-02-21 23:34:52','admin','2022-02-22 02:08:40','admin'),
  (102,16,1,1,8,0,2,1,'<div class=\"uk-margin js-slideshow-animation uk-slideshow uk-background-default\" uk-slideshow=\"ratio: 4:3; min-height: 300; max-height: 450\" animation=\"slide\">\r\n\r\n    <div class=\"uk-position-relative uk-padding\" tabindex=\"-1\">\r\n\r\n        <ul class=\"uk-slideshow-items\">\r\n            <li>\r\n                <img alt=\"\" class=\"uk-position-center gallery\" data-gallery=\"gallery:REX_SLICE_ID\" data-src=\"./media/screen01.webp\">\r\n            </li>\r\n            <li>\r\n                <img alt=\"\" class=\"uk-position-center gallery\" data-gallery=\"gallery:REX_SLICE_ID\" data-src=\"./media/screenshot_struktur.webp\">\r\n            </li>\r\n            <li>\r\n                <img alt=\"\" class=\"uk-position-center gallery\" data-gallery=\"gallery:REX_SLICE_ID\" data-src=\"./media/screenshot_addon_settings.webp\">\r\n            </li>\r\n            <li>\r\n                <img alt=\"\" class=\"uk-position-center gallery\" data-gallery=\"gallery:REX_SLICE_ID\" data-src=\"./media/screenshot_module.webp\">\r\n            </li>\r\n        </ul>\r\n\r\n        <a class=\"uk-position-center-left\" href=\"#\" uk-slideshow-item=\"previous\"><span class=\"uk-slideshow-arrow\" uk-icon=\"icon: chevron-left; ratio: 3\"></span></a>\r\n        <a class=\"uk-position-center-right\" href=\"#\" uk-slideshow-item=\"next\"><span class=\"uk-slideshow-arrow\" uk-icon=\"icon: chevron-right; ratio: 3\"></span></a>\r\n\r\n        <div class=\"uk-position-bottom-center uk-position-small\">\r\n            <ul class=\"uk-slideshow-nav uk-dotnav\">\r\n                <li uk-slideshow-item=\"0\" class=\"\"><a href=\"\"></a></li>\r\n                <li uk-slideshow-item=\"1\" class=\"\"><a href=\"\"></a></li>\r\n                <li uk-slideshow-item=\"2\" class=\"\"><a href=\"\"></a></li>\r\n                <li uk-slideshow-item=\"3\" class=\"\"><a href=\"\"></a></li>\r\n            </ul>\r\n        </div>\r\n\r\n    </div>\r\n\r\n</div>',NULL,NULL,NULL,NULL,NULL,NULL,NULL,NULL,NULL,NULL,NULL,NULL,NULL,NULL,NULL,NULL,NULL,NULL,NULL,NULL,NULL,NULL,NULL,NULL,NULL,NULL,NULL,NULL,NULL,NULL,NULL,NULL,NULL,NULL,NULL,NULL,NULL,NULL,NULL,NULL,NULL,NULL,NULL,NULL,NULL,NULL,NULL,NULL,NULL,NULL,NULL,NULL,NULL,NULL,NULL,NULL,NULL,NULL,NULL,'2022-02-22 00:05:03','admin','2022-08-01 21:13:13','admin'),
  (106,13,1,1,5,0,1,1,NULL,NULL,NULL,NULL,NULL,NULL,NULL,NULL,NULL,NULL,'up',NULL,NULL,NULL,NULL,NULL,NULL,NULL,NULL,NULL,NULL,NULL,NULL,NULL,NULL,NULL,NULL,NULL,NULL,NULL,NULL,NULL,NULL,NULL,NULL,NULL,NULL,NULL,NULL,NULL,NULL,NULL,NULL,NULL,NULL,NULL,NULL,NULL,NULL,NULL,NULL,NULL,NULL,NULL,NULL,NULL,NULL,NULL,NULL,NULL,'2022-03-07 23:02:58','admin','2022-03-07 23:02:58','admin'),
  (109,21,1,1,1,0,1,1,NULL,NULL,NULL,NULL,NULL,NULL,NULL,NULL,NULL,'Test Headline H1','h1',NULL,NULL,NULL,NULL,NULL,NULL,NULL,NULL,NULL,NULL,NULL,NULL,NULL,NULL,NULL,NULL,NULL,NULL,NULL,NULL,NULL,NULL,NULL,NULL,NULL,NULL,NULL,NULL,NULL,NULL,NULL,NULL,NULL,NULL,NULL,NULL,NULL,NULL,NULL,NULL,NULL,NULL,NULL,NULL,NULL,NULL,NULL,NULL,NULL,'2023-01-20 01:17:27','admin','2023-01-20 01:20:31','admin'),
  (110,21,1,1,1,0,2,1,NULL,NULL,NULL,NULL,NULL,NULL,NULL,NULL,NULL,'Test Headline H2','h2',NULL,NULL,NULL,NULL,NULL,NULL,NULL,NULL,NULL,NULL,NULL,NULL,NULL,NULL,NULL,NULL,NULL,NULL,NULL,NULL,NULL,NULL,NULL,NULL,NULL,NULL,NULL,NULL,NULL,NULL,NULL,NULL,NULL,NULL,NULL,NULL,NULL,NULL,NULL,NULL,NULL,NULL,NULL,NULL,NULL,NULL,NULL,NULL,NULL,'2023-01-20 01:17:48','admin','2023-01-20 01:20:36','admin'),
  (111,21,1,1,1,0,3,1,NULL,NULL,NULL,NULL,NULL,NULL,NULL,NULL,NULL,'Test Headline H3','h3',NULL,NULL,NULL,NULL,NULL,NULL,NULL,NULL,NULL,NULL,NULL,NULL,NULL,NULL,NULL,NULL,NULL,NULL,NULL,NULL,NULL,NULL,NULL,NULL,NULL,NULL,NULL,NULL,NULL,NULL,NULL,NULL,NULL,NULL,NULL,NULL,NULL,NULL,NULL,NULL,NULL,NULL,NULL,NULL,NULL,NULL,NULL,NULL,NULL,'2023-01-20 01:18:02','admin','2023-01-20 01:20:41','admin'),
  (112,21,1,1,2,0,4,1,'Lorem ipsum dolor sit amet, consetetur sadipscing elitr, sed diam nonumy eirmod tempor invidunt ut labore et dolore magna aliquyam erat, sed diam voluptua. At vero eos et accusam et justo duo dolores et ea rebum. Stet clita kasd gubergren, no sea takimata sanctus est Lorem ipsum dolor sit amet. Lorem ipsum dolor sit amet, consetetur sadipscing elitr, sed diam nonumy eirmod tempor invidunt ut labore et dolore magna aliquyam erat, sed diam voluptua. At vero eos et accusam et justo duo dolores et ea rebum. Stet clita kasd gubergren, no sea takimata sanctus est Lorem ipsum dolor sit amet.','','',NULL,NULL,NULL,NULL,NULL,'1','Text mit Bild - 1 Spalte','h1',NULL,NULL,NULL,NULL,NULL,NULL,NULL,NULL,NULL,'screenshot_struktur_testseite.webp','','',NULL,NULL,NULL,NULL,NULL,NULL,NULL,NULL,NULL,NULL,NULL,NULL,NULL,NULL,NULL,NULL,NULL,NULL,NULL,NULL,NULL,NULL,NULL,NULL,NULL,NULL,NULL,NULL,NULL,NULL,NULL,NULL,NULL,NULL,NULL,NULL,NULL,'2023-01-20 01:21:43','admin','2023-01-20 01:26:48','admin'),
  (113,21,1,1,2,0,5,1,'Lorem ipsum dolor sit amet, consetetur sadipscing elitr, sed diam nonumy eirmod tempor invidunt ut labore et dolore magna aliquyam erat, sed diam voluptua. At vero eos et accusam et justo duo dolores et ea rebum. Stet clita kasd gubergren, no sea takimata sanctus est Lorem ipsum dolor sit amet. Lorem ipsum dolor sit amet, consetetur sadipscing elitr, sed diam nonumy eirmod tempor invidunt ut labore et dolore magna aliquyam erat, sed diam voluptua. At vero eos et accusam et justo duo dolores et ea rebum. Stet clita kasd gubergren, no sea takimata sanctus est Lorem ipsum dolor sit amet.','Lorem ipsum dolor sit amet, consetetur sadipscing elitr, sed diam nonumy eirmod tempor invidunt ut labore et dolore magna aliquyam erat, sed diam voluptua. At vero eos et accusam et justo duo dolores et ea rebum. Stet clita kasd gubergren, no sea takimata sanctus est Lorem ipsum dolor sit amet. Lorem ipsum dolor sit amet, consetetur sadipscing elitr, sed diam nonumy eirmod tempor invidunt ut labore et dolore magna aliquyam erat, sed diam voluptua. At vero eos et accusam et justo duo dolores et ea rebum. Stet clita kasd gubergren, no sea takimata sanctus est Lorem ipsum dolor sit amet.','',NULL,NULL,NULL,NULL,NULL,'2','Text mit Bild - 2 Spalten','h1',NULL,NULL,NULL,NULL,NULL,NULL,NULL,NULL,NULL,'screenshot_struktur_testseite.webp','screenshot_struktur_testseite.webp','',NULL,NULL,NULL,NULL,NULL,NULL,NULL,NULL,NULL,NULL,NULL,NULL,NULL,NULL,NULL,NULL,NULL,NULL,NULL,NULL,NULL,NULL,NULL,NULL,NULL,NULL,NULL,NULL,NULL,NULL,NULL,NULL,NULL,NULL,NULL,NULL,NULL,'2023-01-20 16:07:20','admin','2023-01-20 16:07:20','admin'),
  (114,21,1,1,2,0,6,1,'Lorem ipsum dolor sit amet, consetetur sadipscing elitr, sed diam nonumy eirmod tempor invidunt ut labore et dolore magna aliquyam erat, sed diam voluptua. At vero eos et accusam et justo duo dolores et ea rebum. Stet clita kasd gubergren, no sea takimata sanctus est Lorem ipsum dolor sit amet. Lorem ipsum dolor sit amet, consetetur sadipscing elitr, sed diam nonumy eirmod tempor invidunt ut labore et dolore magna aliquyam erat, sed diam voluptua. At vero eos et accusam et justo duo dolores et ea rebum. Stet clita kasd gubergren, no sea takimata sanctus est Lorem ipsum dolor sit amet.','Lorem ipsum dolor sit amet, consetetur sadipscing elitr, sed diam nonumy eirmod tempor invidunt ut labore et dolore magna aliquyam erat, sed diam voluptua. At vero eos et accusam et justo duo dolores et ea rebum. Stet clita kasd gubergren, no sea takimata sanctus est Lorem ipsum dolor sit amet. Lorem ipsum dolor sit amet, consetetur sadipscing elitr, sed diam nonumy eirmod tempor invidunt ut labore et dolore magna aliquyam erat, sed diam voluptua. At vero eos et accusam et justo duo dolores et ea rebum. Stet clita kasd gubergren, no sea takimata sanctus est Lorem ipsum dolor sit amet.','Lorem ipsum dolor sit amet, consetetur sadipscing elitr, sed diam nonumy eirmod tempor invidunt ut labore et dolore magna aliquyam erat, sed diam voluptua. At vero eos et accusam et justo duo dolores et ea rebum. Stet clita kasd gubergren, no sea takimata sanctus est Lorem ipsum dolor sit amet. Lorem ipsum dolor sit amet, consetetur sadipscing elitr, sed diam nonumy eirmod tempor invidunt ut labore et dolore magna aliquyam erat, sed diam voluptua. At vero eos et accusam et justo duo dolores et ea rebum. Stet clita kasd gubergren, no sea takimata sanctus est Lorem ipsum dolor sit amet.',NULL,NULL,NULL,NULL,NULL,'3','Text mit Bild - 3 Spalten','h1',NULL,NULL,NULL,NULL,NULL,NULL,NULL,NULL,NULL,'screenshot_struktur_testseite.webp','screenshot_struktur_testseite.webp','screenshot_struktur_testseite.webp',NULL,NULL,NULL,NULL,NULL,NULL,NULL,NULL,NULL,NULL,NULL,NULL,NULL,NULL,NULL,NULL,NULL,NULL,NULL,NULL,NULL,NULL,NULL,NULL,NULL,NULL,NULL,NULL,NULL,NULL,NULL,NULL,NULL,NULL,NULL,NULL,NULL,'2023-01-20 16:08:40','admin','2023-01-20 16:08:40','admin'),
  (115,21,1,1,7,0,7,1,'Lorem ipsum dolor sit amet, consetetur sadipscing elitr, sed diam nonumy eirmod tempor invidunt ut labore et dolore magna aliquyam erat, sed diam voluptua. At vero eos et accusam et justo duo dolores et ea rebum. Stet clita kasd gubergren, no sea takimata sanctus est Lorem ipsum dolor sit amet. Lorem ipsum dolor sit amet, consetetur sadipscing elitr, sed diam nonumy eirmod tempor invidunt ut labore et dolore magna aliquyam erat, sed diam voluptua. At vero eos et accusam et justo duo dolores et ea rebum. Stet clita kasd gubergren, no sea takimata sanctus est Lorem ipsum dolor sit amet.','','',NULL,NULL,NULL,NULL,NULL,'1','Zentrierter Text - 1 Spalte','h1',NULL,NULL,NULL,NULL,NULL,NULL,NULL,NULL,NULL,NULL,NULL,NULL,NULL,NULL,NULL,NULL,NULL,NULL,NULL,NULL,NULL,NULL,NULL,NULL,NULL,NULL,NULL,NULL,NULL,NULL,NULL,NULL,NULL,NULL,NULL,NULL,NULL,NULL,NULL,NULL,NULL,NULL,NULL,NULL,NULL,NULL,NULL,NULL,NULL,'2023-01-20 16:18:39','admin','2023-01-20 16:18:39','admin'),
  (116,21,1,1,7,0,8,1,'Lorem ipsum dolor sit amet, consetetur sadipscing elitr, sed diam nonumy eirmod tempor invidunt ut labore et dolore magna aliquyam erat, sed diam voluptua. At vero eos et accusam et justo duo dolores et ea rebum. Stet clita kasd gubergren, no sea takimata sanctus est Lorem ipsum dolor sit amet. Lorem ipsum dolor sit amet, consetetur sadipscing elitr, sed diam nonumy eirmod tempor invidunt ut labore et dolore magna aliquyam erat, sed diam voluptua. At vero eos et accusam et justo duo dolores et ea rebum. Stet clita kasd gubergren, no sea takimata sanctus est Lorem ipsum dolor sit amet.','Lorem ipsum dolor sit amet, consetetur sadipscing elitr, sed diam nonumy eirmod tempor invidunt ut labore et dolore magna aliquyam erat, sed diam voluptua. At vero eos et accusam et justo duo dolores et ea rebum. Stet clita kasd gubergren, no sea takimata sanctus est Lorem ipsum dolor sit amet. Lorem ipsum dolor sit amet, consetetur sadipscing elitr, sed diam nonumy eirmod tempor invidunt ut labore et dolore magna aliquyam erat, sed diam voluptua. At vero eos et accusam et justo duo dolores et ea rebum. Stet clita kasd gubergren, no sea takimata sanctus est Lorem ipsum dolor sit amet.','',NULL,NULL,NULL,NULL,NULL,'2','Zentrierter Text - 2 Spalten','h1',NULL,NULL,NULL,NULL,NULL,NULL,NULL,NULL,NULL,NULL,NULL,NULL,NULL,NULL,NULL,NULL,NULL,NULL,NULL,NULL,NULL,NULL,NULL,NULL,NULL,NULL,NULL,NULL,NULL,NULL,NULL,NULL,NULL,NULL,NULL,NULL,NULL,NULL,NULL,NULL,NULL,NULL,NULL,NULL,NULL,NULL,NULL,NULL,NULL,'2023-01-20 16:19:23','admin','2023-01-20 16:19:23','admin'),
  (117,21,1,1,7,0,9,1,'Lorem ipsum dolor sit amet, consetetur sadipscing elitr, sed diam nonumy eirmod tempor invidunt ut labore et dolore magna aliquyam erat, sed diam voluptua. At vero eos et accusam et justo duo dolores et ea rebum. Stet clita kasd gubergren, no sea takimata sanctus est Lorem ipsum dolor sit amet. Lorem ipsum dolor sit amet, consetetur sadipscing elitr, sed diam nonumy eirmod tempor invidunt ut labore et dolore magna aliquyam erat, sed diam voluptua. At vero eos et accusam et justo duo dolores et ea rebum. Stet clita kasd gubergren, no sea takimata sanctus est Lorem ipsum dolor sit amet.','Lorem ipsum dolor sit amet, consetetur sadipscing elitr, sed diam nonumy eirmod tempor invidunt ut labore et dolore magna aliquyam erat, sed diam voluptua. At vero eos et accusam et justo duo dolores et ea rebum. Stet clita kasd gubergren, no sea takimata sanctus est Lorem ipsum dolor sit amet. Lorem ipsum dolor sit amet, consetetur sadipscing elitr, sed diam nonumy eirmod tempor invidunt ut labore et dolore magna aliquyam erat, sed diam voluptua. At vero eos et accusam et justo duo dolores et ea rebum. Stet clita kasd gubergren, no sea takimata sanctus est Lorem ipsum dolor sit amet.','Lorem ipsum dolor sit amet, consetetur sadipscing elitr, sed diam nonumy eirmod tempor invidunt ut labore et dolore magna aliquyam erat, sed diam voluptua. At vero eos et accusam et justo duo dolores et ea rebum. Stet clita kasd gubergren, no sea takimata sanctus est Lorem ipsum dolor sit amet. Lorem ipsum dolor sit amet, consetetur sadipscing elitr, sed diam nonumy eirmod tempor invidunt ut labore et dolore magna aliquyam erat, sed diam voluptua. At vero eos et accusam et justo duo dolores et ea rebum. Stet clita kasd gubergren, no sea takimata sanctus est Lorem ipsum dolor sit amet.',NULL,NULL,NULL,NULL,NULL,'3','Zentrierter Text - 3 Spalten','h1',NULL,NULL,NULL,NULL,NULL,NULL,NULL,NULL,NULL,NULL,NULL,NULL,NULL,NULL,NULL,NULL,NULL,NULL,NULL,NULL,NULL,NULL,NULL,NULL,NULL,NULL,NULL,NULL,NULL,NULL,NULL,NULL,NULL,NULL,NULL,NULL,NULL,NULL,NULL,NULL,NULL,NULL,NULL,NULL,NULL,NULL,NULL,NULL,NULL,'2023-01-20 16:19:48','admin','2023-01-20 16:19:48','admin'),
  (118,21,1,1,3,0,10,1,NULL,NULL,NULL,NULL,NULL,NULL,NULL,NULL,NULL,NULL,NULL,NULL,NULL,NULL,NULL,NULL,NULL,NULL,NULL,NULL,'pexels-andrea-piacquadio-935743.webp',NULL,NULL,NULL,NULL,NULL,NULL,NULL,NULL,NULL,NULL,NULL,NULL,NULL,NULL,NULL,NULL,NULL,NULL,NULL,NULL,NULL,NULL,NULL,NULL,NULL,NULL,NULL,NULL,NULL,NULL,NULL,NULL,NULL,NULL,NULL,NULL,NULL,NULL,NULL,'2023-01-20 16:23:23','admin','2023-01-20 16:23:38','admin'),
  (119,21,1,1,4,0,11,1,NULL,NULL,NULL,NULL,NULL,NULL,NULL,NULL,NULL,NULL,NULL,NULL,NULL,NULL,NULL,NULL,NULL,NULL,NULL,NULL,NULL,NULL,NULL,NULL,NULL,NULL,NULL,NULL,NULL,NULL,'pexels-chevanon-photography-302899.webp,pexels-daria-shevtsova-1030919.webp,pexels-lood-goosen-1235706.webp,pexels-viktoria-alipatova-2074130.webp,pexels-karolina-grabowska-6920335.webp,pexels-andrea-piacquadio-935743.webp',NULL,NULL,NULL,NULL,NULL,NULL,NULL,NULL,NULL,NULL,NULL,NULL,NULL,NULL,NULL,NULL,NULL,NULL,NULL,NULL,NULL,NULL,NULL,NULL,NULL,NULL,NULL,NULL,NULL,'2023-01-20 16:28:30','admin','2023-01-20 16:28:57','admin'),
  (120,21,1,1,9,0,12,1,NULL,NULL,NULL,NULL,NULL,NULL,NULL,NULL,NULL,'1','1','1','1',NULL,NULL,NULL,NULL,NULL,NULL,NULL,'guitarvideo.mp4',NULL,NULL,NULL,NULL,NULL,NULL,NULL,NULL,NULL,NULL,NULL,NULL,NULL,NULL,NULL,NULL,NULL,NULL,NULL,NULL,NULL,NULL,NULL,NULL,NULL,NULL,NULL,NULL,NULL,NULL,NULL,NULL,NULL,NULL,NULL,NULL,NULL,NULL,NULL,'2023-01-20 16:35:36','admin','2023-01-20 16:35:36','admin'),
  (121,21,1,1,5,0,13,1,NULL,NULL,NULL,NULL,NULL,NULL,NULL,NULL,NULL,NULL,'down',NULL,NULL,NULL,NULL,NULL,NULL,NULL,NULL,NULL,NULL,NULL,NULL,NULL,NULL,NULL,NULL,NULL,NULL,NULL,NULL,NULL,NULL,NULL,NULL,NULL,NULL,NULL,NULL,NULL,NULL,NULL,NULL,NULL,NULL,NULL,NULL,NULL,NULL,NULL,NULL,NULL,NULL,NULL,NULL,NULL,NULL,NULL,NULL,NULL,'2023-01-20 16:40:47','admin','2023-01-20 16:40:47','admin'),
  (122,21,1,1,5,0,14,1,NULL,NULL,NULL,NULL,NULL,NULL,NULL,NULL,NULL,NULL,'up',NULL,NULL,NULL,NULL,NULL,NULL,NULL,NULL,NULL,NULL,NULL,NULL,NULL,NULL,NULL,NULL,NULL,NULL,NULL,NULL,NULL,NULL,NULL,NULL,NULL,NULL,NULL,NULL,NULL,NULL,NULL,NULL,NULL,NULL,NULL,NULL,NULL,NULL,NULL,NULL,NULL,NULL,NULL,NULL,NULL,NULL,NULL,NULL,NULL,'2023-01-20 16:41:02','admin','2023-01-20 16:41:02','admin'),
  (123,21,1,1,6,0,15,1,NULL,'Downloads','h2',NULL,NULL,NULL,NULL,NULL,NULL,NULL,NULL,NULL,NULL,NULL,NULL,NULL,NULL,NULL,NULL,NULL,NULL,NULL,NULL,NULL,NULL,NULL,NULL,NULL,NULL,NULL,'pdf-testdatei.pdf,zip-testdatei.zip,word-testdatei.doc',NULL,NULL,NULL,NULL,NULL,NULL,NULL,NULL,NULL,NULL,NULL,NULL,NULL,NULL,NULL,NULL,NULL,NULL,NULL,NULL,NULL,NULL,NULL,NULL,NULL,NULL,NULL,NULL,NULL,'2023-01-20 16:43:30','admin','2023-01-20 16:43:30','admin'),
  (124,21,1,1,8,0,16,1,'<?php\r\n\r\necho \'TEST PHP-Ausgabe\';',NULL,NULL,NULL,NULL,NULL,NULL,NULL,NULL,NULL,NULL,NULL,NULL,NULL,NULL,NULL,NULL,NULL,NULL,NULL,NULL,NULL,NULL,NULL,NULL,NULL,NULL,NULL,NULL,NULL,NULL,NULL,NULL,NULL,NULL,NULL,NULL,NULL,NULL,NULL,NULL,NULL,NULL,NULL,NULL,NULL,NULL,NULL,NULL,NULL,NULL,NULL,NULL,NULL,NULL,NULL,NULL,NULL,NULL,NULL,'2023-01-20 16:44:44','admin','2023-01-20 16:44:44','admin'),
  (125,7,1,1,1,0,2,1,NULL,NULL,NULL,NULL,NULL,NULL,NULL,NULL,NULL,'File not found!','h3',NULL,NULL,NULL,NULL,NULL,NULL,NULL,NULL,NULL,NULL,NULL,NULL,NULL,NULL,NULL,NULL,NULL,NULL,NULL,NULL,NULL,NULL,NULL,NULL,NULL,NULL,NULL,NULL,NULL,NULL,NULL,NULL,NULL,NULL,NULL,NULL,NULL,NULL,NULL,NULL,NULL,NULL,NULL,NULL,NULL,NULL,NULL,NULL,NULL,'2023-01-20 16:46:58','admin','2023-01-20 16:46:58','admin'),
  (127,18,1,1,8,0,3,1,'<?php\r\n/*\r\nFalls der Consent-Manager installiert und aktiviert ist und ein Consent configuriert ist (dem noch nicht zugestimmt wurde)\r\ndann hier ein Overlay mit Hinweis und Button für die Datenschutz-Einstellungen über die Seite legen.\r\n*/\r\n$addon = \'consent_manager\';\r\n\r\nif (true === rex_version::compare(rex_addon::get($addon)->getVersion(), \'5.0\', \'>=\') && true === rex_addon::get($addon)->isInstalled() && true === rex_addon::get($addon)->isAvailable()) {\r\n    if (true === FriendsOfRedaxo\\ConsentManager\\consent_manager::hostExists() && true === FriendsOfRedaxo\\ConsentManager\\consent_manager::consentConfigured()) {\r\n        echo \'\r\n<style>\r\n.fp-consent-wrapper { position: absolute; top: 0; left: 0; bottom: 0; right: 0; background-color: rgba(0, 0, 0, .5); display: flex;  flex-direction: column;  justify-content: center; align-items: center; z-index: 9999999; -webkit-backdrop-filter: blur(3px); backdrop-filter: blur(3px); color: #fff; padding: 4em; }\r\n.fp-consent-wrapper p { padding: 0 0 1em 0; }\r\n</style>\' . PHP_EOL;\r\n        echo \'<script>\r\ndocument.addEventListener(\"consent_manager-cbOnShow\", (event) => {\r\n    if ($.fn.fullpage.setAllowScrolling) {\r\n        $.fn.fullpage.setAllowScrolling(false, \"up, down\");\r\n        $.fn.fullpage.setKeyboardScrolling(false, \"up, down, left, right\");\r\n        $.fn.fullpage.setMouseWheelScrolling(false);\r\n    }\r\n    $(\".consent_manager-sitelinks a\").addClass(\"lightboxcontent\").attr(\"data-gallery\", \"gallery:consent\");\r\n    contentlightbox = GLightbox({\r\n        selector: \".lightboxcontent\",\r\n        openEffect: \"zoom\",\r\n        closeEffect: \"zoom\",\r\n        width: \"80vw\",\r\n        height: \"90vh\",\r\n        loop: false\r\n    });    \r\n});\r\ndocument.addEventListener(\"consent_manager-cbOnClose\", (event) => {\r\n    if ($.fn.fullpage.setAllowScrolling) {\r\n        $.fn.fullpage.setAllowScrolling(true);\r\n        $.fn.fullpage.setKeyboardScrolling(true);\r\n        $.fn.fullpage.setMouseWheelScrolling(true);\r\n    }\r\n});\r\ndocument.addEventListener(\"consent_manager-cbSaved\", (event) => {\r\n    if ($.fn.fullpage.setAllowScrolling) {\r\n        $.fn.fullpage.setAllowScrolling(true);\r\n        $.fn.fullpage.setKeyboardScrolling(true);\r\n        $.fn.fullpage.setMouseWheelScrolling(true);\r\n    }\r\n    if (consent_manager_hasConsent(\"youtube\")) {\r\n        $(\"a.extcontent\").css(\"visibility\", \"visible\");\r\n        $(\".fp-consent-wrapper\").hide();        \r\n        $(\".fp-btn-showconsent\").show(); \r\n    } else {\r\n        $(\"a.extcontent\").css(\"visibility\", \"hidden\");\r\n        $(\".fp-consent-wrapper\").show();        \r\n        $(\".fp-btn-showconsent\").hide(); \r\n    }\r\n});\r\n</script>\' . PHP_EOL;\r\n        \r\n        $fpoverstyle = \'style=\"display:block\"\';\r\n        $fpbtnstyle = \'style=\"display:none\"\';\r\n        echo FriendsOfRedaxo\\ConsentManager\\consent_manager::getBox([\'forceReload\' => false, \'forceHidden\' => true, \'theme\' => \'\']); //consent_manager_frontend_bottom_right\r\n        if (false === FriendsOfRedaxo\\ConsentManager\\consent_manager::hasConsent(\'youtube\')) {\r\n            echo \'<style> a.extcontent{visibility:hidden;} </style>\' . PHP_EOL;\r\n            $fpoverstyle = \'style=\"display:block;\"\';\r\n            $fpbtnstyle = \'style=\"display:none;\"\';\r\n        } else {\r\n            $fpoverstyle = \'style=\"display:none;\"\';\r\n            $fpbtnstyle = \'style=\"display:block;\"\';\r\n        }\r\n\r\n        echo \'<div class=\"fp-consent-wrapper\" \'.$fpoverstyle.\'>\' . PHP_EOL;\r\n        echo \'<br><br><h2>Hinweis:</h2>Die Buttons auf dieser Seite verweisen auf externe Medien (Youtube, Vimeo, Github)<br>Es werden Cookies gespeichert und Inhalte von fremden Servern werden aufgerufen.<br><br>Um die Inhalte anzuzeigen müssen Sie in den Datenschutz-Einstellungen ihr Einverständis geben.</p>\' . PHP_EOL;\r\n        echo \'<p><button class=\"uk-button uk-button-primary uk-align-center\" onclick=\"javascript:consent_manager_showBox();\">Datenschutz-Einstellungen</button></p>\' . PHP_EOL;\r\n        echo \'</div>\' . PHP_EOL;\r\n        \r\n        echo \'<div><button class=\"uk-button uk-button-primary uk-align-left consent_manager-show-box fp-btn-showconsent\" \'.$fpbtnstyle.\'>Datenschutz (class)</button>\';\r\n        echo \'<button class=\"uk-button uk-button-primary uk-align-left fp-btn-showconsent\" \'.$fpbtnstyle.\' onclick=\"javascript:consent_manager_showBox();\">Datenschutz (JavaScript)</button>\';\r\n        echo \'<button class=\"uk-button uk-button-primary uk-align-left fp-btn-showconsent\" \'.$fpbtnstyle.\' onclick=\"javascript:consent_manager_showBox(1);\">Datenschutz (JavaScript+Reload)</button>\';\r\n        echo \'<button class=\"uk-button uk-button-primary uk-align-left fp-btn-showconsent\" \'.$fpbtnstyle.\' onclick=\"javascript:consent_manager_deleteCookies();location.reload();\">Cookies löschen</button></div>\';\r\n    }\r\n}',NULL,NULL,NULL,NULL,NULL,NULL,NULL,NULL,NULL,NULL,NULL,NULL,NULL,NULL,NULL,NULL,NULL,NULL,NULL,NULL,NULL,NULL,NULL,NULL,NULL,NULL,NULL,NULL,NULL,NULL,NULL,NULL,NULL,NULL,NULL,NULL,NULL,NULL,NULL,NULL,NULL,NULL,NULL,NULL,NULL,NULL,NULL,NULL,NULL,NULL,NULL,NULL,NULL,NULL,NULL,NULL,NULL,NULL,NULL,'2023-01-20 22:22:44','admin','2023-03-30 22:36:08','admin'),
  (128,23,1,1,1,0,1,1,NULL,NULL,NULL,NULL,NULL,NULL,NULL,NULL,NULL,'Impressum','h1',NULL,NULL,NULL,NULL,NULL,NULL,NULL,NULL,NULL,NULL,NULL,NULL,NULL,NULL,NULL,NULL,NULL,NULL,NULL,NULL,NULL,NULL,NULL,NULL,NULL,NULL,NULL,NULL,NULL,NULL,NULL,NULL,NULL,NULL,NULL,NULL,NULL,NULL,NULL,NULL,NULL,NULL,NULL,NULL,NULL,NULL,NULL,NULL,NULL,'2023-03-08 21:19:00','admin','2023-03-08 21:19:00','admin'),
  (129,22,1,1,1,0,1,1,NULL,NULL,NULL,NULL,NULL,NULL,NULL,NULL,NULL,'Datenschutzerklärung','h1',NULL,NULL,NULL,NULL,NULL,NULL,NULL,NULL,NULL,NULL,NULL,NULL,NULL,NULL,NULL,NULL,NULL,NULL,NULL,NULL,NULL,NULL,NULL,NULL,NULL,NULL,NULL,NULL,NULL,NULL,NULL,NULL,NULL,NULL,NULL,NULL,NULL,NULL,NULL,NULL,NULL,NULL,NULL,NULL,NULL,NULL,NULL,NULL,NULL,'2023-03-08 21:19:26','admin','2023-03-08 21:19:26','admin'),
  (134,23,1,1,2,0,3,1,'Angaben gemäß § 5 TMG:\r\n\r\n**Friends of REDAXO**\r\nMusterstraße 1\r\n60999 Frankfurt\r\n\r\nTelefon: +49 123 45678-9\r\nE-Mail: info@friendsofredaxo.org','','',NULL,NULL,NULL,NULL,NULL,'1','','h1',NULL,NULL,NULL,NULL,NULL,NULL,NULL,NULL,NULL,'','','',NULL,NULL,NULL,NULL,NULL,NULL,NULL,NULL,NULL,NULL,NULL,NULL,NULL,NULL,NULL,NULL,NULL,NULL,NULL,NULL,NULL,NULL,NULL,NULL,NULL,NULL,NULL,NULL,NULL,NULL,NULL,NULL,NULL,NULL,NULL,NULL,NULL,'2023-03-29 23:50:46','admin','2023-04-07 00:17:53','admin'),
  (135,22,1,1,2,0,2,1,'**Allgemein**\r\n\r\nDiese Website funktioniert ohne Angaben personenbezogener Daten.\r\nVerantwortlich im Sinne der Datenschutzgesetze, insbesondere der EU-Datenschutzgrundverordnung (DSGVO), ist der Herausgeber dieser Website wie im Impressum angegeben.\r\n\r\n**Zugriffsdaten**\r\n\r\nUnser Webserver protokolliert alle Zugriffe, auch Ihre. Dabei werden verschiedene Daten erfasst, z. B. Browser und Betriebssystem, Datum und Uhrzeit, Referrer oder Hostname.\r\nDas macht quasi jeder Webserver so, und diese Daten sind nicht bestimmten Personen zuordnungsbar.\r\n\r\n**Cookies**\r\n\r\nWir verwenden KEINE Cookies.\r\n\r\n**SSL-Verschlüsselung**\r\n\r\nDiese Webeite wird mit einem SSL-Zertifikat verschlüsselt übertragen. Check!\r\n\r\n**Externe Dienste**\r\n\r\nManche Funktionalität dieser Website wird erst durch externe Dienste ermöglicht die das Web so bunt machen. \r\nExterne Inhalten werden nur geladen wenn Sie dafür die Zustimmung gegeben haben.\r\nVideos kommen von YouTube oder Vimeo, weitere Inhalte von Github. \r\nDurch die Einbindung externer Dienste werden Daten an deren Server übermittelt - in die USA unter dem Mantel des sog. »Privacy Shield« und damit unter Einhaltung europäischer Datenschutzbestimmungen -, und manchmal sogar Cookies gesetzt. \r\nWir haben keinen Einfluss auf die Cookies, um welche Daten es sich handelt und was mit ihnen geschieht. Es gelten die Datenschutzbestimmungen der jeweiligen Anbieter.\r\n\r\n**Änderung unserer Datenschutzerklärung**\r\n\r\nWir behalten uns vor unsere Datenschutzerklärung anzupassen.','','',NULL,NULL,NULL,NULL,NULL,'1','','h1',NULL,NULL,NULL,NULL,NULL,NULL,NULL,NULL,NULL,'','','',NULL,NULL,NULL,NULL,NULL,NULL,NULL,NULL,NULL,NULL,NULL,NULL,NULL,NULL,NULL,NULL,NULL,NULL,NULL,NULL,NULL,NULL,NULL,NULL,NULL,NULL,NULL,NULL,NULL,NULL,NULL,NULL,NULL,NULL,NULL,NULL,NULL,'2023-03-29 23:54:41','admin','2023-03-30 00:39:19','admin'),
  (136,23,1,1,7,0,2,1,'<span uk-icon=\"icon: info; ratio: 2\"></span>** Hinweis:** Bei dieser Website handelt es sich um eine Demo für das REDAXO-CMS https://redaxo.org','','',NULL,NULL,NULL,NULL,NULL,'1','','h1',NULL,NULL,NULL,NULL,NULL,NULL,NULL,NULL,NULL,NULL,NULL,NULL,NULL,NULL,NULL,NULL,NULL,NULL,NULL,NULL,NULL,NULL,NULL,NULL,NULL,NULL,NULL,NULL,NULL,NULL,NULL,NULL,NULL,NULL,NULL,NULL,NULL,NULL,NULL,NULL,NULL,NULL,NULL,NULL,NULL,NULL,NULL,NULL,NULL,'2023-03-30 00:44:44','admin','2023-04-07 00:21:32','admin');
/*!40000 ALTER TABLE `rex_article_slice` ENABLE KEYS */;
UNLOCK TABLES;

DROP TABLE IF EXISTS `rex_media`;
CREATE TABLE `rex_media` (
  `id` int(10) unsigned NOT NULL AUTO_INCREMENT,
  `category_id` int(10) unsigned NOT NULL,
  `attributes` text COLLATE utf8mb4_unicode_ci DEFAULT NULL,
  `filetype` varchar(255) COLLATE utf8mb4_unicode_ci DEFAULT NULL,
  `filename` varchar(255) COLLATE utf8mb4_unicode_ci DEFAULT NULL,
  `originalname` varchar(255) COLLATE utf8mb4_unicode_ci DEFAULT NULL,
  `filesize` varchar(255) COLLATE utf8mb4_unicode_ci DEFAULT NULL,
  `width` int(10) unsigned DEFAULT NULL,
  `height` int(10) unsigned DEFAULT NULL,
  `title` varchar(255) COLLATE utf8mb4_unicode_ci DEFAULT NULL,
  `createdate` datetime NOT NULL,
  `createuser` varchar(255) COLLATE utf8mb4_unicode_ci NOT NULL,
  `updatedate` datetime NOT NULL,
  `updateuser` varchar(255) COLLATE utf8mb4_unicode_ci NOT NULL,
  `revision` int(10) unsigned NOT NULL,
  `med_description` text COLLATE utf8mb4_unicode_ci DEFAULT NULL,
  PRIMARY KEY (`id`),
  UNIQUE KEY `filename` (`filename`),
  KEY `category_id` (`category_id`)
) ENGINE=InnoDB AUTO_INCREMENT=89 DEFAULT CHARSET=utf8mb4 COLLATE=utf8mb4_unicode_ci;

LOCK TABLES `rex_media` WRITE;
/*!40000 ALTER TABLE `rex_media` DISABLE KEYS */;
INSERT INTO `rex_media` VALUES 
  (13,0,'','image/svg+xml','logo.svg','logo.svg','5152',0,0,'REDAXO-Logo','2022-01-14 20:15:05','admin','2022-01-14 20:15:05','admin',0,''),
  (18,0,'','application/msword','word-testdatei.doc','word-testdatei.doc','22016',0,0,'Eine Word-Testdatei','2022-01-14 20:15:05','admin','2023-01-18 00:47:15','admin',0,''),
  (19,0,'','application/pdf','pdf-testdatei.pdf','pdf-testdatei.pdf','14419',0,0,'Eine PDF-Testdatei','2022-01-14 20:15:05','admin','2022-01-14 20:15:05','admin',0,''),
  (22,0,'','application/x-zip-compressed','zip-testdatei.zip','zip-testdatei.zip','13485',0,0,'Eine ZIP-Testdatei','2022-01-14 20:15:05','admin','2022-01-14 20:15:05','admin',0,''),
  (56,0,NULL,'image/png','for.png','for.png','7549',300,300,'Friends Of REDAXO','2022-02-19 01:23:16','admin','2022-02-19 01:29:51','admin',0,''),
  (57,3,NULL,'video/mp4','drone-river-fly.mp4','drone-river-fly.mp4','6334108',NULL,NULL,'','2022-02-19 01:42:16','admin','2023-01-18 00:48:59','admin',0,'https://www.pexels.com/video/drone-flying-over-a-stream-of-river-4913621/'),
  (59,3,NULL,'video/mp4','guitarvideo.mp4','guitarvideo.mp4','6299129',NULL,NULL,'','2022-02-20 02:43:23','admin','2023-01-18 00:48:42','admin',0,'https://www.pexels.com/video/a-guitarist-member-of-a-band-playing-the-electric-guitar-3345545/'),
  (62,3,NULL,'video/mp4','turntable.mp4','turntable.mp4','5161537',NULL,NULL,'','2022-03-05 23:24:15','admin','2023-01-18 00:48:51','admin',0,'https://www.pexels.com/video/close-up-footage-of-a-vintage-turntable-5292753/'),
  (76,1,NULL,'image/webp','pexels-martins-krastins-838981.webp','pexels-martins-krastins-838981.webp','395834',1920,1280,'https://www.pexels.com/de-de/foto/gebrochene-steinmauer-838981/','2022-08-01 00:21:12','admin','2022-08-01 00:21:49','admin',0,''),
  (77,4,NULL,'image/webp','pexels-andrea-piacquadio-935743.webp','pexels-andrea-piacquadio-935743.webp','51792',1920,1280,'https://www.pexels.com/photo/935743/','2022-08-01 00:28:48','admin','2022-08-01 00:29:04','admin',0,'https://www.pexels.com/photo/935743/'),
  (78,4,NULL,'image/webp','pexels-chevanon-photography-302899.webp','pexels-chevanon-photography-302899.webp','35486',1920,1282,'https://www.pexels.com/photo/302899/','2022-08-01 00:29:28','admin','2022-08-01 00:31:18','admin',0,'https://www.pexels.com/photo/302899/'),
  (79,4,NULL,'image/webp','pexels-daria-shevtsova-1030919.webp','pexels-daria-shevtsova-1030919.webp','141928',1920,2399,'https://www.pexels.com/photo/1030919/','2022-08-01 00:29:38','admin','2022-08-01 00:31:02','admin',0,'https://www.pexels.com/photo/1030919/'),
  (80,4,NULL,'image/webp','pexels-karolina-grabowska-6920335.webp','pexels-karolina-grabowska-6920335.webp','62256',1920,1280,'https://www.pexels.com/photo/6920335/','2022-08-01 00:29:45','admin','2022-08-01 00:30:13','admin',0,'https://www.pexels.com/photo/6920335/'),
  (81,4,NULL,'image/webp','pexels-lood-goosen-1235706.webp','pexels-lood-goosen-1235706.webp','90956',1920,2880,'https://www.pexels.com/photo/1235706/','2022-08-01 00:29:51','admin','2022-08-01 00:30:47','admin',0,'https://www.pexels.com/photo/1235706/'),
  (82,4,NULL,'image/webp','pexels-viktoria-alipatova-2074130.webp','pexels-viktoria-alipatova-2074130.webp','154324',1920,1280,'https://www.pexels.com/photo/2074130/','2022-08-01 00:29:57','admin','2022-08-01 00:30:30','admin',0,'https://www.pexels.com/photo/2074130/'),
  (83,2,NULL,'image/webp','screenshot_struktur_testseite.webp','screenshot_struktur_testseite.webp','43698',1392,765,'Screenshot Struktur Testseite','2022-08-01 21:01:24','admin','2022-08-01 21:11:28','admin',0,''),
  (84,2,NULL,'image/webp','screen01.webp','screen01.webp','48116',1790,680,'Screenshot REDAXO-Backend','2022-08-01 21:01:43','admin','2022-08-01 21:06:11','admin',0,''),
  (85,2,NULL,'image/webp','screenshot_addon_settings.webp','screenshot_addon_settings.webp','38486',1593,926,'Screenshot Addon-Einstellungen','2022-08-01 21:01:54','admin','2022-08-01 21:05:55','admin',0,''),
  (86,2,NULL,'image/webp','screenshot_metainfo.webp','screenshot_metainfo.webp','43764',1387,807,'Screenshot Kategorie Metainfos','2022-08-01 21:02:03','admin','2022-08-01 21:05:43','admin',0,''),
  (87,2,NULL,'image/webp','screenshot_module.webp','screenshot_module.webp','36408',1395,747,'Screenshot Module','2022-08-01 21:02:12','admin','2022-08-01 21:09:48','admin',0,''),
  (88,2,NULL,'image/webp','screenshot_struktur.webp','screenshot_struktur.webp','45186',1391,820,'Screenshot Struktur der Fullpage-Demo','2022-08-01 21:02:22','admin','2022-08-01 21:05:07','admin',0,'');
/*!40000 ALTER TABLE `rex_media` ENABLE KEYS */;
UNLOCK TABLES;

DROP TABLE IF EXISTS `rex_media_category`;
CREATE TABLE `rex_media_category` (
  `id` int(10) unsigned NOT NULL AUTO_INCREMENT,
  `name` varchar(255) COLLATE utf8mb4_unicode_ci NOT NULL,
  `parent_id` int(10) unsigned NOT NULL,
  `path` varchar(255) COLLATE utf8mb4_unicode_ci NOT NULL,
  `createdate` datetime NOT NULL,
  `createuser` varchar(255) COLLATE utf8mb4_unicode_ci NOT NULL,
  `updatedate` datetime NOT NULL,
  `updateuser` varchar(255) COLLATE utf8mb4_unicode_ci NOT NULL,
  `attributes` text COLLATE utf8mb4_unicode_ci DEFAULT NULL,
  `revision` int(10) unsigned NOT NULL,
  PRIMARY KEY (`id`),
  KEY `parent_id` (`parent_id`)
) ENGINE=InnoDB AUTO_INCREMENT=5 DEFAULT CHARSET=utf8mb4 COLLATE=utf8mb4_unicode_ci;

LOCK TABLES `rex_media_category` WRITE;
/*!40000 ALTER TABLE `rex_media_category` DISABLE KEYS */;
INSERT INTO `rex_media_category` VALUES 
  (1,'Hintergrundbilder',0,'|','2022-01-14 20:15:05','admin','2022-01-14 20:15:05','admin','',0),
  (2,'Screenshots',0,'|','2022-01-14 20:15:05','admin','2022-01-14 20:15:05','admin','',0),
  (3,'Videos',0,'|','2022-01-14 20:15:05','admin','2022-01-14 20:15:05','admin',NULL,0),
  (4,'Bilder',0,'|','2022-02-14 00:55:09','admin','2022-02-14 00:55:09','admin',NULL,0);
/*!40000 ALTER TABLE `rex_media_category` ENABLE KEYS */;
UNLOCK TABLES;

DROP TABLE IF EXISTS `rex_metainfo_field`;
CREATE TABLE `rex_metainfo_field` (
  `id` int(10) unsigned NOT NULL AUTO_INCREMENT,
  `title` varchar(255) COLLATE utf8mb4_unicode_ci DEFAULT NULL,
  `name` varchar(255) COLLATE utf8mb4_unicode_ci DEFAULT NULL,
  `priority` int(10) unsigned NOT NULL,
  `attributes` text COLLATE utf8mb4_unicode_ci NOT NULL,
  `type_id` int(10) unsigned DEFAULT NULL,
  `default` varchar(255) COLLATE utf8mb4_unicode_ci NOT NULL,
  `params` text COLLATE utf8mb4_unicode_ci DEFAULT NULL,
  `validate` text COLLATE utf8mb4_unicode_ci DEFAULT NULL,
  `callback` text COLLATE utf8mb4_unicode_ci DEFAULT NULL,
  `restrictions` text COLLATE utf8mb4_unicode_ci DEFAULT NULL,
  `templates` text COLLATE utf8mb4_unicode_ci DEFAULT NULL,
  `createdate` datetime NOT NULL,
  `createuser` varchar(255) COLLATE utf8mb4_unicode_ci NOT NULL,
  `updatedate` datetime NOT NULL,
  `updateuser` varchar(255) COLLATE utf8mb4_unicode_ci NOT NULL,
  PRIMARY KEY (`id`),
  UNIQUE KEY `name` (`name`)
) ENGINE=InnoDB AUTO_INCREMENT=15 DEFAULT CHARSET=utf8mb4 COLLATE=utf8mb4_unicode_ci;

LOCK TABLES `rex_metainfo_field` WRITE;
/*!40000 ALTER TABLE `rex_metainfo_field` DISABLE KEYS */;
INSERT INTO `rex_metainfo_field` VALUES 
  (1,'Individueller Title-Tag','art_title',1,'',1,'','','','','',NULL,'2022-01-14 20:15:05','admin','2022-01-14 20:15:05','admin'),
  (2,'Meta-Tag Keywords','art_keywords',2,'',1,'','','','','',NULL,'2022-01-14 20:15:05','admin','2022-01-14 20:15:05','admin'),
  (3,'Meta-Tag Beschreibung','art_description',3,'',2,'','','','','',NULL,'2022-01-14 20:15:05','admin','2022-01-14 20:15:05','admin'),
  (4,'translate:online_from','art_online_from',4,'',10,'','','','','',NULL,'2022-01-14 20:15:05','admin','2022-01-14 20:15:05','admin'),
  (5,'translate:online_to','art_online_to',5,'',10,'','','','','',NULL,'2022-01-14 20:15:05','admin','2022-01-14 20:15:05','admin'),
  (6,'translate:demo_fullpage_meta_bgimage','art_fullpage_bgimage',7,'',6,'','types=\"jpg,jpeg,png,svg,webp\" preview=\"1\"','','',NULL,NULL,'2022-01-14 20:15:05','admin','2022-08-01 00:20:55','admin'),
  (7,'translate:demo_fullpage_meta_bgcolor','art_fullpage_bgcolor',6,'class=\"form-control colorpicker\"',1,'','','','',NULL,NULL,'2022-01-14 20:15:05','admin','2022-01-14 20:15:05','admin'),
  (8,'translate:demo_fullpage_meta_bgimage','cat_fullpage_bgimage',2,'',6,'','types=\"jpg,jpeg,png,svg\" preview=\"1\"','','',NULL,NULL,'2022-01-14 20:15:05','admin','2022-02-21 20:39:10','admin'),
  (9,'translate:demo_fullpage_meta_bgcolor','cat_fullpage_bgcolor',1,'class=\"form-control colorpicker\"',1,'','','','',NULL,NULL,'2022-01-14 20:15:05','admin','2022-02-21 20:39:04','admin'),
  (10,'translate:demo_fullpage_meta_autoheight','cat_fullpage_autoheight',4,'',5,'','','','',NULL,NULL,'2022-01-14 20:15:05','admin','2022-02-21 20:39:22','admin'),
  (11,'translate:demo_fullpage_meta_nomenu','cat_fullpage_nomenu',5,'',5,'','','','',NULL,NULL,'2022-01-14 20:15:05','admin','2022-02-21 20:39:31','admin'),
  (12,'Beschreibung','med_description',1,'',2,'','','','','',NULL,'2022-01-14 20:15:05','admin','2022-01-14 20:15:05','admin'),
  (13,'translate:demo_fullpage_meta_bgvideo','art_fullpage_bgvideo',8,'',6,'','types=\"mp4,webm,ogg\"',NULL,'',NULL,NULL,'2022-01-14 20:15:05','admin','2022-02-16 00:44:21','admin'),
  (14,'translate:demo_fullpage_meta_bgvideo','cat_fullpage_bgvideo',3,'',6,'','types=\"mp4,webm,ogg\"',NULL,'',NULL,NULL,'2022-01-14 20:15:05','admin','2022-02-21 20:39:15','admin');
/*!40000 ALTER TABLE `rex_metainfo_field` ENABLE KEYS */;
UNLOCK TABLES;

DROP TABLE IF EXISTS `rex_metainfo_type`;
CREATE TABLE `rex_metainfo_type` (
  `id` int(10) unsigned NOT NULL AUTO_INCREMENT,
  `label` varchar(255) COLLATE utf8mb4_unicode_ci DEFAULT NULL,
  `dbtype` varchar(255) COLLATE utf8mb4_unicode_ci NOT NULL,
  `dblength` int(11) NOT NULL,
  PRIMARY KEY (`id`)
) ENGINE=InnoDB AUTO_INCREMENT=14 DEFAULT CHARSET=utf8mb4 COLLATE=utf8mb4_unicode_ci;

LOCK TABLES `rex_metainfo_type` WRITE;
/*!40000 ALTER TABLE `rex_metainfo_type` DISABLE KEYS */;
INSERT INTO `rex_metainfo_type` VALUES 
  (1,'text','text',0),
  (2,'textarea','text',0),
  (3,'select','varchar',255),
  (4,'radio','varchar',255),
  (5,'checkbox','varchar',255),
  (6,'REX_MEDIA_WIDGET','varchar',255),
  (7,'REX_MEDIALIST_WIDGET','text',0),
  (8,'REX_LINK_WIDGET','varchar',255),
  (9,'REX_LINKLIST_WIDGET','text',0),
  (10,'date','text',0),
  (11,'datetime','text',0),
  (12,'legend','text',0),
  (13,'time','text',0);
/*!40000 ALTER TABLE `rex_metainfo_type` ENABLE KEYS */;
UNLOCK TABLES;

DROP TABLE IF EXISTS `rex_module`;
CREATE TABLE `rex_module` (
  `id` int(10) unsigned NOT NULL AUTO_INCREMENT,
  `key` varchar(191) COLLATE utf8mb4_unicode_ci DEFAULT NULL,
  `name` varchar(255) COLLATE utf8mb4_unicode_ci NOT NULL,
  `output` mediumtext COLLATE utf8mb4_unicode_ci NOT NULL,
  `input` mediumtext COLLATE utf8mb4_unicode_ci NOT NULL,
  `createdate` datetime NOT NULL,
  `createuser` varchar(255) COLLATE utf8mb4_unicode_ci NOT NULL,
  `updatedate` datetime NOT NULL,
  `updateuser` varchar(255) COLLATE utf8mb4_unicode_ci NOT NULL,
  `attributes` text COLLATE utf8mb4_unicode_ci DEFAULT NULL,
  `revision` int(10) unsigned NOT NULL,
  PRIMARY KEY (`id`),
  UNIQUE KEY `key` (`key`)
) ENGINE=InnoDB AUTO_INCREMENT=10 DEFAULT CHARSET=utf8mb4 COLLATE=utf8mb4_unicode_ci;

LOCK TABLES `rex_module` WRITE;
/*!40000 ALTER TABLE `rex_module` DISABLE KEYS */;
INSERT INTO `rex_module` VALUES 
  (1,NULL,'01. Headline','\r\n<REX_VALUE[11] class=\"headline\">REX_VALUE[10]</REX_VALUE[11]>\r\n','<fieldset class=\"form-horizontal\">\r\n\r\n    <div class=\"form-group\">\r\n        <label class=\"col-sm-2 control-label\" for=\"headline\">Überschrift</label>\r\n        <div class=\"col-sm-10\">\r\n            <input class=\"form-control\" id=\"headline\" type=\"text\" name=\"REX_INPUT_VALUE[10]\" value=\"REX_VALUE[10]\" />\r\n        </div>\r\n    </div>\r\n\r\n    <div class=\"form-group\">\r\n        <label class=\"col-sm-2 control-label\" for=\"headline-level\">Überschrift-Ebene</label>\r\n        <div class=\"col-sm-10\">\r\n            <?php\r\n                $options = [\r\n                    \'h1\' => \'1. Ebene (H1)\',\r\n                    \'h2\' => \'2. Ebene (H2)\',\r\n                    \'h3\' => \'3. Ebene (H3)\',\r\n                ];\r\n            ?>\r\n            <select name=\"REX_INPUT_VALUE[11]\" id=\"headline-level\" class=\"form-control\">\r\n            <?php foreach ($options as $k => $v) : ?>\r\n            <option value=\"<?= $k ?>\"<?php if (\'REX_VALUE[11]\' === $k) {\r\n                echo \' selected=\"selected\"\';\r\n            } ?>><?= $v ?></option>\r\n            <?php endforeach ?>\r\n            </select>\r\n        </div>\r\n    </div>\r\n\r\n</fieldset>\r\n','2022-01-14 20:15:05','admin','2023-03-27 22:36:57','admin','',0),
  (2,NULL,'02. Text mit Bild (1 - 3 Spalten)','<?php\r\n\r\n$grid_content1 = \'\';\r\n$grid_content2 = \'\';\r\n$grid_content3 = \'\';\r\n\r\nif (!function_exists(\'_url_convert\')) {\r\n    /**\r\n     * @param string $input\r\n     * @return string\r\n     */\r\n    function _url_convert($input)\r\n    {\r\n        $pattern = \'@(http(s)?://)?(([a-zA-Z])([-\\w]+\\.)+([^\\s\\.]+[^\\s]*)+[^,.\\s])@\';\r\n        return $output = (string) preg_replace($pattern, \'<a href=\"http$2://$3\">$0</a>\', $input);\r\n    }\r\n}\r\n\r\n// col1\r\nif (\'REX_MEDIA[1]\' !== \'\') {\r\n    $media = rex_media::get(\'REX_MEDIA[1]\');\r\n    if (null !== $media) {\r\n        $mediatitle = $media->getValue(\'title\');\r\n        $mediadesc = str_replace([\"\\r\\n\", \"\\n\", \"\\r\"], \' \', (string) $media->getValue(\'med_description\'));\r\n        $medialink = $media->getUrl();\r\n\r\n        $bild_width = $bild_height = \'\';\r\n        $media_cachefile = rex_media_manager::create(\'rex_media_medium\', \'REX_MEDIA[1]\')->getMedia();\r\n        if ($media_cachefile instanceof rex_managed_media && $media_cachefile->getHeight() > 0) {\r\n            $bild_width = $media_cachefile->getWidth();\r\n            $bild_height = $media_cachefile->getHeight();\r\n        }\r\n\r\n        $grid_content1 .= \'<div class=\"uk-card-media-top\"><a href=\"\' . $medialink . \'\" class=\"lightboxcontent\" data-gallery=\"gallery:REX_SLICE_ID\">\';\r\n        $grid_content1 .= \'<img class=\"content\" data-src=\"\' . rex_url::base() . \'index.php?rex_media_type=rex_media_medium&rex_media_file=REX_MEDIA[1]\" alt=\"\' . $mediatitle . \'\" uk-tooltip title=\"\' . $mediatitle . \'\" width=\"\'.$bild_width.\'\" height=\"\'.$bild_height.\'\">\';\r\n        $grid_content1 .= \'</a></div>\';\r\n        if (rex::isBackend()) {\r\n            $grid_content1 = str_replace(\'data-src=\', \'src=\', $grid_content1);\r\n        }\r\n    }\r\n}\r\nif (true === \'REX_VALUE[id=1 isset=1]\') {\r\n    if (class_exists(\'rex_markdown\')) {\r\n        $grid_content1 .= rex_markdown::factory()->parse(\'REX_VALUE[id=1 output=\"html\"]\');\r\n    } else {\r\n        $grid_content1 .= nl2br(_url_convert(\'REX_VALUE[id=1 output=\"html\"]\'));\r\n    }\r\n}\r\n\r\n// col2\r\nif (\'REX_MEDIA[2]\' !== \'\') {\r\n    $media = rex_media::get(\'REX_MEDIA[2]\');\r\n    if (null !== $media) {\r\n        $mediatitle = $media->getValue(\'title\');\r\n        $mediadesc = str_replace([\"\\r\\n\", \"\\n\", \"\\r\"], \' \', (string) $media->getValue(\'med_description\'));\r\n        $medialink = $media->getUrl();\r\n\r\n        $bild_width = $bild_height = \'\';\r\n        $media_cachefile = rex_media_manager::create(\'rex_media_medium\', \'REX_MEDIA[2]\')->getMedia();\r\n        if ($media_cachefile instanceof rex_managed_media && $media_cachefile->getHeight() > 0) {\r\n            $bild_width = $media_cachefile->getWidth();\r\n            $bild_height = $media_cachefile->getHeight();\r\n        }\r\n\r\n        $grid_content2 .= \'<div class=\"uk-card-media-top\"><a href=\"\' . $medialink . \'\" class=\"lightboxcontent\" data-gallery=\"gallery:REX_SLICE_ID\">\';\r\n        $grid_content2 .= \'<img class=\"content\" data-src=\"\' . rex_url::base() . \'index.php?rex_media_type=rex_media_medium&rex_media_file=REX_MEDIA[2]\" alt=\"\' . $mediatitle . \'\" uk-tooltip title=\"\' . $mediatitle . \'\" width=\"\'.$bild_width.\'\" height=\"\'.$bild_height.\'\">\';\r\n        $grid_content2 .= \'</a></div>\';\r\n        if (rex::isBackend()) {\r\n            $grid_content2 = str_replace(\'data-src=\', \'src=\', $grid_content2);\r\n        }\r\n    }\r\n}\r\nif (true === \'REX_VALUE[id=2 isset=1]\') {\r\n    if (class_exists(\'rex_markdown\')) {\r\n        $grid_content2 .= rex_markdown::factory()->parse(\'REX_VALUE[id=2 output=\"html\"]\');\r\n    } else {\r\n        $grid_content2 .= nl2br(_url_convert(\'REX_VALUE[id=2 output=\"html\"]\'));\r\n    }\r\n}\r\n\r\n// col3\r\nif (\'REX_MEDIA[3]\' !== \'\') {\r\n    $media = rex_media::get(\'REX_MEDIA[3]\');\r\n    if (null !== $media) {\r\n        $mediatitle = $media->getValue(\'title\');\r\n        $mediadesc = str_replace([\"\\r\\n\", \"\\n\", \"\\r\"], \' \', (string) $media->getValue(\'med_description\'));\r\n        $medialink = $media->getUrl();\r\n\r\n        $bild_width = $bild_height = \'\';\r\n        $media_cachefile = rex_media_manager::create(\'rex_media_medium\', \'REX_MEDIA[3]\')->getMedia();\r\n        if ($media_cachefile instanceof rex_managed_media && $media_cachefile->getHeight() > 0) {\r\n            $bild_width = $media_cachefile->getWidth();\r\n            $bild_height = $media_cachefile->getHeight();\r\n        }\r\n\r\n        $grid_content3 .= \'<div class=\"uk-card-media-top\"><a href=\"\' . $medialink . \'\" class=\"lightboxcontent\" data-gallery=\"gallery:REX_SLICE_ID\">\';\r\n        $grid_content3 .= \'<img class=\"content\" data-src=\"\' . rex_url::base() . \'index.php?rex_media_type=rex_media_medium&rex_media_file=REX_MEDIA[3]\" alt=\"\' . $mediatitle . \'\" uk-tooltip title=\"\' . $mediatitle . \'\" width=\"\'.$bild_width.\'\" height=\"\'.$bild_height.\'\">\';\r\n        $grid_content3 .= \'</a></div>\';\r\n        if (rex::isBackend()) {\r\n            $grid_content3 = str_replace(\'data-src=\', \'src=\', $grid_content3);\r\n        }\r\n    }\r\n}\r\nif (true === \'REX_VALUE[id=3 isset=1]\') {\r\n    if (class_exists(\'rex_markdown\')) {\r\n        $grid_content3 .= rex_markdown::factory()->parse(\'REX_VALUE[id=3 output=\"html\"]\');\r\n    } else {\r\n        $grid_content3 .= nl2br(_url_convert(\'REX_VALUE[id=3 output=\"html\"]\'));\r\n    }\r\n}\r\n\r\nif (\'REX_VALUE[10]\' !== \'\') {\r\n    echo PHP_EOL .\'<REX_VALUE[11] class=\"headline\">REX_VALUE[10]</REX_VALUE[11]>\' . PHP_EOL;\r\n}\r\nif (\'\' !== $grid_content1 || \'\' !== $grid_content2 || \'\' !== $grid_content3) {\r\n    echo PHP_EOL . \'<div class=\"uk-margin-bottom\">\' . PHP_EOL;\r\n    echo \'<div class=\"uk-child-width-1-REX_VALUE[9]@m uk-grid-collapse uk-grid-match\" uk-grid>\' . PHP_EOL;\r\n\r\n    // 2cols\r\n    if (\'REX_VALUE[9]\' === \'2\') {\r\n        echo \'<div><div class=\"uk-card uk-card-body\">\' . PHP_EOL;\r\n        echo $grid_content1 . PHP_EOL;\r\n        echo \'</div></div>\' . PHP_EOL;\r\n        echo \'<div><div class=\"uk-card uk-card-body\">\' . PHP_EOL;\r\n        echo $grid_content2 . PHP_EOL;\r\n        echo \'</div></div>\' . PHP_EOL;\r\n    // 3cols\r\n    } elseif (\'REX_VALUE[9]\' === \'3\') {\r\n        echo \'<div><div class=\"uk-card uk-card-body\">\' . PHP_EOL;\r\n        echo $grid_content1 . PHP_EOL;\r\n        echo \'</div></div>\' . PHP_EOL;\r\n        echo \'<div><div class=\"uk-card uk-card-body\">\' . PHP_EOL;\r\n        echo $grid_content2 . PHP_EOL;\r\n        echo \'</div></div>\' . PHP_EOL;\r\n        echo \'<div><div class=\"uk-card uk-card-body\">\' . PHP_EOL;\r\n        echo $grid_content3 . PHP_EOL;\r\n        echo \'</div></div>\' . PHP_EOL;\r\n    // 1col\r\n    } else {\r\n        echo \'<div><div class=\"uk-card uk-card-body\">\' . PHP_EOL;\r\n        echo $grid_content1 . PHP_EOL;\r\n        echo \'</div></div>\' . PHP_EOL;\r\n    }\r\n\r\n    echo \'</div>\' . PHP_EOL;\r\n    echo \'</div>\' . PHP_EOL;\r\n}\r\n','<!-- *******************************************************\r\nTEXT UND BILD IN SPALTEN\r\n******************************************************** -->\r\n\r\n<script type=\"text/javascript\">\r\njQuery(function($){\r\n    $(document).ready(function(){\r\n        $(\'select#choices\').change(function() {\r\n            $(\'.off\').hide();\r\n            for(var i = 1; i <= parseInt($(this).val()); i++) {\r\n                $(\'#col\' + i).show();\r\n            }\r\n        });\r\n        $(\'select#choices\').change();\r\n    })\r\n});\r\n</script>\r\n\r\n<fieldset class=\"form-horizontal\">\r\n    <div class=\"form-group\">\r\n        <label class=\"col-sm-2 control-label\" for=\"choices\">Spalten</label>\r\n        <div class=\"col-sm-10\">\r\n            <?php\r\n                $options = [\r\n                    \'1\' => \'volle Breite\',\r\n                    \'2\' => \'zwei Spalten\',\r\n                    \'3\' => \'drei Spalten\',\r\n                ];\r\n            ?>\r\n            <select name=\"REX_INPUT_VALUE[9]\" id=\"choices\" class=\"form-control\">\r\n            <?php foreach ($options as $k => $v) : ?>\r\n            <option value=\"<?= $k ?>\"<?php if (\'REX_VALUE[9]\' === (string) $k) {\r\n                echo \' selected=\"selected\"\';\r\n            } ?>><?= $v ?></option>\r\n            <?php endforeach ?>\r\n            </select>\r\n        </div>\r\n    </div>\r\n\r\n    <div class=\"form-group\">\r\n        <label class=\"col-sm-2 control-label\" for=\"headline\">Überschrift</label>\r\n        <div class=\"col-sm-10\">\r\n            <input class=\"form-control\" id=\"headline\" type=\"text\" name=\"REX_INPUT_VALUE[10]\" value=\"REX_VALUE[10]\" />\r\n        </div>\r\n    </div>\r\n\r\n    <div class=\"form-group\">\r\n        <label class=\"col-sm-2 control-label\" for=\"headline-level\">Überschrift-Ebene</label>\r\n        <div class=\"col-sm-10\">\r\n            <?php\r\n                $options = [\r\n                    \'h1\' => \'1. Ebene (H1)\',\r\n                    \'h2\' => \'2. Ebene (H2)\',\r\n                    \'h3\' => \'3. Ebene (H3)\',\r\n                ];\r\n            ?>\r\n            <select name=\"REX_INPUT_VALUE[11]\" id=\"headline-level\" class=\"form-control\">\r\n            <?php foreach ($options as $k => $v) : ?>\r\n            <option value=\"<?= $k ?>\"<?php if (\'REX_VALUE[11]\' === $k) {\r\n                echo \' selected=\"selected\"\';\r\n            } ?>><?= $v ?></option>\r\n            <?php endforeach ?>\r\n            </select>\r\n        </div>\r\n    </div>\r\n</fieldset>\r\n\r\n<fieldset class=\"form-horizontal\">\r\n    <legend>1. Spalte</legend>\r\n\r\n    <div class=\"form-group\">\r\n        <label class=\"col-sm-2 control-label\">Bild</label>\r\n        <div class=\"col-sm-10\">\r\n            REX_MEDIA[id=\"1\" widget=\"1\" types=\"jpg,jpeg,png,webp,svg\"]\r\n        </div>\r\n    </div>\r\n\r\n    <div class=\"form-group\">\r\n        <label class=\"col-sm-2 control-label\" for=\"markitup_textile_1\">Text</label>\r\n        <div class=\"col-sm-10\">\r\n            <textarea cols=\"1\" rows=\"10\" class=\"form-control codemirror\" data-codemirror-mode=\"markdown\" id=\"markitup_textile_1\" name=\"REX_INPUT_VALUE[1]\">REX_VALUE[1]</textarea>\r\n        </div>\r\n    </div>\r\n</fieldset>\r\n\r\n\r\n\r\n<fieldset class=\"form-horizontal off\" id=\"col2\">\r\n    <legend>2. Spalte</legend>\r\n\r\n    <div class=\"form-group\">\r\n        <label class=\"col-sm-2 control-label\">Bild</label>\r\n        <div class=\"col-sm-10\">\r\n            REX_MEDIA[id=\"2\" widget=\"1\" types=\"jpg,jpeg,png,webp,svg\"]\r\n        </div>\r\n    </div>\r\n\r\n    <div class=\"form-group\">\r\n        <label class=\"col-sm-2 control-label\" for=\"markitup_textile_2\">Text</label>\r\n        <div class=\"col-sm-10\">\r\n            <textarea cols=\"1\" rows=\"10\" class=\"form-control codemirror\" data-codemirror-mode=\"markdown\" id=\"markitup_textile_2\" name=\"REX_INPUT_VALUE[2]\">REX_VALUE[2]</textarea>\r\n        </div>\r\n    </div>\r\n</fieldset>\r\n\r\n\r\n<fieldset class=\"form-horizontal off\" id=\"col3\">\r\n    <legend>3. Spalte</legend>\r\n\r\n    <div class=\"form-group\">\r\n        <label class=\"col-sm-2 control-label\">Bild</label>\r\n        <div class=\"col-sm-10\">\r\n            REX_MEDIA[id=\"3\" widget=\"1\" types=\"jpg,jpeg,png,webp,svg\"]\r\n        </div>\r\n    </div>\r\n\r\n    <div class=\"form-group\">\r\n        <label class=\"col-sm-2 control-label\" for=\"markitup_textile_3\">Text</label>\r\n        <div class=\"col-sm-10\">\r\n            <textarea cols=\"1\" rows=\"10\" class=\"form-control codemirror\" data-codemirror-mode=\"markdown\" id=\"markitup_textile_3\" name=\"REX_INPUT_VALUE[3]\">REX_VALUE[3]</textarea>\r\n        </div>\r\n    </div>\r\n</fieldset>\r\n','2022-01-14 20:15:05','admin','2023-03-27 22:42:53','admin','',0),
  (3,NULL,'03. Bild volle Größe','<?php\r\n\r\n$content = \'\';\r\n\r\n// col1\r\nif (\'REX_MEDIA[1]\' !== \'\') {\r\n    $media = rex_media::get(\'REX_MEDIA[1]\');\r\n    if (null !== $media) {\r\n        $mediatitle = str_replace([\"\\r\\n\", \"\\n\", \"\\r\"], \' \', (string) $media->getValue(\'title\'));\r\n        $medialink = $media->getUrl();\r\n    } else {\r\n        return;\r\n    }\r\n\r\n    $bild_width = $bild_height = \'\';\r\n    $media_cachefile = rex_media_manager::create(\'rex_media_large\', \'REX_MEDIA[1]\')->getMedia();\r\n    if ($media_cachefile instanceof rex_managed_media && $media_cachefile->getHeight() > 0) {\r\n        $bild_width = $media_cachefile->getWidth();\r\n        $bild_height = $media_cachefile->getHeight();\r\n    }\r\n\r\n    if (rex::isBackend()) {\r\n        $content .= \'<img class=\"full\" src=\"\' . rex_url::base() . \'index.php?rex_media_type=rex_media_medium&rex_media_file=REX_MEDIA[1]\" alt=\"\' . $mediatitle . \'\" title=\"\' . $mediatitle . \'\" width=\"\' . $bild_width . \'\" height=\"\' . $bild_height. \'\">\';\r\n    } else {\r\n        $content .= \'<a href=\"\' . $medialink . \'\" class=\"lightboxcontent\" data-gallery=\"gallery:REX_SLICE_ID\"><img class=\"full\" data-src=\"\' . rex_url::base() . \'index.php?rex_media_type=rex_media_large&rex_media_file=REX_MEDIA[1]\" alt=\"\' . $mediatitle . \'\" uk-tooltip title=\"\' . $mediatitle . \'\" width=\"\' . $bild_width . \'\" height=\"\' . $bild_height. \'\"></a>\';\r\n    }\r\n    echo PHP_EOL . \'<div class=\"container uk-margin-bottom\">\' . $content . \'</div>\' . PHP_EOL;\r\n}\r\n','<fieldset class=\"form-horizontal\">\r\n\r\n    <div class=\"form-group\">\r\n        <label class=\"col-sm-2 control-label\">Bild auswählen</label>\r\n        <div class=\"col-sm-10\">\r\n            REX_MEDIA[id=\"1\" widget=\"1\" types=\"jpg,jpeg,png,webp,svg\"]\r\n        </div>\r\n    </div>\r\n\r\n</fieldset>\r\n\r\n','2022-01-14 20:15:05','admin','2023-03-14 00:48:30','admin','',0),
  (4,NULL,'04. Bildergalerie','<?php\r\n\r\n$content = \'\';\r\n\r\nif (\'REX_MEDIALIST[1]\' !== \'\') {\r\n    $imagelist = explode(\',\', \'REX_MEDIALIST[1]\');\r\n\r\n    $content = PHP_EOL . \'<div class=\"uk-background-default uk-margin-bottom\">\' . PHP_EOL;\r\n    $content .= \'<div class=\"uk-child-width-1-2 uk-child-width-1-2@s uk-child-width-1-3@m uk-child-width-1-3@l uk-grid-collapse\" uk-grid>\' . PHP_EOL;\r\n\r\n    foreach ($imagelist as $file) {\r\n        $media = rex_media::get($file);\r\n\r\n        if (null !== $media) {\r\n            $mediatitle = $media->getValue(\'title\');\r\n            $mediadesc = str_replace([\"\\r\\n\", \"\\n\", \"\\r\"], \' \', (string) $media->getValue(\'med_description\'));\r\n            $medialink = $media->getUrl();\r\n            if (rex::isBackend()) {\r\n                $thumbnail = rex_url::base() . \'index.php?rex_media_type=rex_media_small&rex_media_file=\' . $file;\r\n                $imgsrc = \'src=\"\' . $thumbnail . \'\"\';\r\n            } else {\r\n                $thumbnail = rex_url::base() . \'index.php?rex_media_type=rex_media_medium&rex_media_file=\' . $file;\r\n                $imgsrc = \'data-src=\"\' . $thumbnail . \'\"\';\r\n            }\r\n\r\n            if (rex::isBackend()) {\r\n                $content .= \'<img \' . $imgsrc . \' alt=\"\' . $mediatitle . \'\" title=\"\' . $mediatitle . \'\">\';\r\n            } else {\r\n                $content .= \'    <div><div class=\"uk-padding-small\">\' . PHP_EOL;\r\n                $content .= \'        <a href=\"\' . $medialink . \'\" class=\"gallery\" data-gallery=\"gallery:REX_SLICE_ID\" uk-tooltip title=\"\' . $mediatitle . \'\" data-glightbox=\"description: \' . $mediatitle . \'\">\' . PHP_EOL;\r\n                $content .= \'        <img class=\"thumbnail\" \' . $imgsrc . \' alt=\"\' . $mediatitle . \'\" title=\"\' . $mediatitle . \'\">\' . PHP_EOL;\r\n                $content .= \'        </a>\' . PHP_EOL;\r\n                $content .= \'    </div></div>\' . PHP_EOL;\r\n            }\r\n        }\r\n    }\r\n\r\n    $content .= \'</div></div>\' . PHP_EOL;\r\n}\r\n\r\necho $content;\r\n','<fieldset class=\"form-horizontal\">\r\n    <legend>Galerie</legend>\r\n\r\n    <div class=\"form-group\">\r\n        <label class=\"col-sm-2 control-label\" for=\"headline\">Bilder</label>\r\n        <div class=\"col-sm-10\">\r\n            REX_MEDIALIST[id=\"1\" widget=\"1\" types=\"jpg,jpeg,png,webp,svg\"]\r\n        </div>\r\n    </div>\r\n\r\n</fieldset>','2022-01-14 20:15:05','admin','2023-03-14 00:48:36','admin','',0),
  (5,NULL,'20. Scrolldown/Scrollup-Arrow','<?php\r\nif (rex::isBackend()) {\r\n    echo \'Scroll-\' . strtoupper(REX_VALUE[11]) . \'-Arrow\';\r\n}\r\n?>\r\n\r\n<div class=\"container arrowcontainer\"><a class=\"arrowREX_VALUE[11] arrowREX_VALUE[11]-REX_CATEGORY_ID\" href=\"#\"><span><?= \'Scroll-\' . strtoupper(REX_VALUE[11]) ?></span></a></div>\r\n','<fieldset class=\"form-horizontal\">\r\n\r\n    <div class=\"form-group\">\r\n        <label class=\"col-sm-2 control-label\" for=\"arrow-direction\">Scroll-Richtung</label>\r\n        <div class=\"col-sm-10\">\r\n            <?php\r\n                $options = [\r\n                    \'down\' => \'Scoll-DOWN\',\r\n                    \'up\' => \'Scroll-UP\',\r\n                ];\r\n            ?>\r\n            <select name=\"REX_INPUT_VALUE[11]\" id=\"arrow-direction\" class=\"form-control\">\r\n            <?php foreach ($options as $k => $v) : ?>\r\n            <option value=\"<?= $k ?>\"<?php if (\'REX_VALUE[11]\' === $k) {\r\n                echo \' selected=\"selected\"\';\r\n            } ?>><?= $v ?></option>\r\n            <?php endforeach ?>\r\n            </select>\r\n        </div>\r\n    </div>\r\n\r\n</fieldset>\r\n','2022-01-14 20:15:05','admin','2023-03-27 22:54:52','admin','',0),
  (6,NULL,'30. Download','<?php\r\n\r\nif (\'REX_VALUE[2]\' !== \'\') {\r\n    echo \'<REX_VALUE[3]>REX_VALUE[2]</REX_VALUE[3]>\' . PHP_EOL;\r\n}\r\n\r\nif (\'REX_MEDIALIST[1]\' !== \'\') {\r\n    echo \'<div class=\"uk-margin-bottom\">\' . PHP_EOL;\r\n    echo \'<div class=\"uk-grid-small uk-child-width-1-2@m uk-child-width-1-3@l uk-text-center\" uk-grid>\' . PHP_EOL;\r\n\r\n    // Find out file size\r\n    if (!function_exists(\'datei_groesse\')) {\r\n        /**\r\n         * @param string $URL\r\n         * @return string\r\n         */\r\n        function datei_groesse($URL)\r\n        {\r\n            $groesse = (float) filesize($URL);\r\n            if ($groesse < 1000) {\r\n                return number_format($groesse, 0, \',\', \'.\').\' Bytes\';\r\n            }\r\n            if ($groesse < 1000000) {\r\n                return number_format($groesse / 1024, 0, \',\', \'.\').\' kB\';\r\n            }\r\n            return number_format($groesse / 1048576, 0, \',\', \'.\').\' MB\';\r\n        }\r\n    }\r\n\r\n    // Find out icon\r\n    if (!function_exists(\'parse_icon\')) {\r\n        /**\r\n         * @param string $ext\r\n         * @return string\r\n         */\r\n        function parse_icon($ext)\r\n        {\r\n            switch (strtolower($ext)) {\r\n                case \'doc\': return \'<i class=\"fas fa-file-word\"></i>\';\r\n                case \'pdf\': return \'<i class=\"fas fa-file-pdf\"></i>\';\r\n                case \'zip\': return \'<i class=\"fas fa-file-archive\"></i>\';\r\n                case \'svg\': return \'<i class=\"fas fa-file-image\"></i>\';\r\n                case \'jpg\': return \'<i class=\"fas fa-file-image\"></i>\';\r\n                case \'png\': return \'<i class=\"fas fa-file-image\"></i>\';\r\n                case \'mp4\': return \'<i class=\"fas fa-file-video\"></i>\';\r\n                    // please add your own settings, e.g. with icons of Font-Awesome\r\n                default:\r\n                    return \'<i class=\"fas fa-download\"></i>\';\r\n            }\r\n        }\r\n    }\r\n\r\n    $arr = explode(\',\', \'REX_MEDIALIST[1]\');\r\n    foreach ($arr as $value) {\r\n        $extension = substr((string) strrchr($value, \'.\'), 1);\r\n        $parsed_icon = parse_icon($extension);\r\n        $media = rex_media::get($value);\r\n        $file_desc = \'\';\r\n        if (null !== $media) {\r\n            $file_desc = $media->getValue(\'title\');\r\n        }\r\n\r\n        echo \'  <div>\' . PHP_EOL;\r\n        echo \'    <a href=\"\' . rex_getUrl(8, $this->clang, [\'file\' => $value]) . \'\" uk-tooltip title=\"Download \' . $value . \'\">\' . PHP_EOL;\r\n        echo \'      <div class=\"uk-card uk-card-small uk-card-body\">\' . PHP_EOL;\r\n\r\n        // Title as linktext, if there is one. Otherwise filename\r\n        echo $parsed_icon;\r\n        if (\'\' !== $file_desc) {\r\n            echo $file_desc;\r\n        } else {\r\n            echo $value;\r\n        }\r\n\r\n        echo \' (\'.datei_groesse(rex_path::media($value)).\')\' . PHP_EOL;\r\n        echo \'      </div>\' . PHP_EOL;\r\n        echo \'    </a>\' . PHP_EOL;\r\n        echo \'  </div>\' . PHP_EOL;\r\n    }\r\n\r\n    echo \'</div>\' . PHP_EOL;\r\n    echo \'</div>\' . PHP_EOL;\r\n}\r\n','<fieldset class=\"form-horizontal\">\r\n    <legend>Downloads</legend>\r\n\r\n    <div class=\"form-group\">\r\n        <label class=\"col-sm-2 control-label\" for=\"headline\">Überschrift</label>\r\n        <div class=\"col-sm-10\">\r\n            <input class=\"form-control\" id=\"headline\" type=\"text\" name=\"REX_INPUT_VALUE[2]\" value=\"REX_VALUE[2]\" />\r\n        </div>\r\n    </div>\r\n\r\n    <div class=\"form-group\">\r\n        <label class=\"col-sm-2 control-label\" for=\"headline-level\">Überschrift-Ebene</label>\r\n        <div class=\"col-sm-10\">\r\n            <?php\r\n                $options = [\r\n                    \'h2\' => \'2. Ebene\',\r\n                    \'h3\' => \'3. Ebene\',\r\n                ];\r\n            ?>\r\n            <select name=\"REX_INPUT_VALUE[3]\" id=\"headline-level\" class=\"form-control\">\r\n            <?php foreach ($options as $k => $v) : ?>\r\n            <option value=\"<?= $k ?>\"<?php if (\'REX_VALUE[3]\' === $k) {\r\n                echo \' selected=\"selected\"\';\r\n            } ?>><?= $v ?></option>\r\n            <?php endforeach ?>\r\n            </select>\r\n        </div>\r\n    </div>\r\n\r\n    <div class=\"form-group\">\r\n        <label class=\"col-sm-2 control-label\" for=\"headline\">Dateien zum Download</label>\r\n        <div class=\"col-sm-10\">\r\n            REX_MEDIALIST[id=\"1\" widget=\"1\"]\r\n        </div>\r\n    </div>\r\n\r\n</fieldset>\r\n','2022-01-14 20:15:05','admin','2023-03-27 22:55:02','admin','',0),
  (7,NULL,'02. Zentrierter Text (1 - 3 Spalten)','<?php\r\n\r\n$grid_content1 = \'\';\r\n$grid_content2 = \'\';\r\n$grid_content3 = \'\';\r\n\r\nif (!function_exists(\'_url_convert\')) {\r\n    /**\r\n     * @param string $input\r\n     * @return string\r\n     */\r\n    function _url_convert($input)\r\n    {\r\n        $pattern = \'@(http(s)?://)?(([a-zA-Z])([-\\w]+\\.)+([^\\s\\.]+[^\\s]*)+[^,.\\s])@\';\r\n        return $output = (string) preg_replace($pattern, \'<a href=\"http$2://$3\">$0</a>\', $input);\r\n    }\r\n}\r\n\r\n// col1\r\nif (true === \'REX_VALUE[id=1 isset=1]\') {\r\n    if (class_exists(\'rex_markdown\')) {\r\n        $grid_content1 .= rex_markdown::factory()->parse(\'REX_VALUE[id=1 output=\"html\"]\');\r\n    } else {\r\n        $grid_content1 .= nl2br(_url_convert(\'REX_VALUE[id=1 output=\"html\"]\'));\r\n    }\r\n}\r\n\r\n// col2\r\nif (true === \'REX_VALUE[id=2 isset=1]\') {\r\n    if (class_exists(\'rex_markdown\')) {\r\n        $grid_content2 .= rex_markdown::factory()->parse(\'REX_VALUE[id=2 output=\"html\"]\');\r\n    } else {\r\n        $grid_content2 .= nl2br(_url_convert(\'REX_VALUE[id=2 output=\"html\"]\'));\r\n    }\r\n}\r\n\r\n// col3\r\nif (true === \'REX_VALUE[id=3 isset=1]\') {\r\n    if (class_exists(\'rex_markdown\')) {\r\n        $grid_content3 .= rex_markdown::factory()->parse(\'REX_VALUE[id=3 output=\"html\"]\');\r\n    } else {\r\n        $grid_content3 .= nl2br(_url_convert(\'REX_VALUE[id=3 output=\"html\"]\'));\r\n    }\r\n}\r\n\r\nif (\'REX_VALUE[10]\' !== \'\') {\r\n    echo PHP_EOL .\'<REX_VALUE[11] class=\"headline uk-margin-bottom\">REX_VALUE[10]</REX_VALUE[11]>\' . PHP_EOL;\r\n}\r\nif (\'\' !== $grid_content1 || \'\' !== $grid_content2 || \'\' !== $grid_content3) {\r\n    echo PHP_EOL . \'<div class=\"uk-margin-bottom\">\' . PHP_EOL;\r\n    echo \'<div class=\"uk-child-width-1-REX_VALUE[9]@m uk-grid-small uk-grid-match\" uk-grid>\' . PHP_EOL;\r\n\r\n    // 2cols\r\n    if (\'REX_VALUE[9]\' === \'2\') {\r\n        echo \'<div><div class=\"uk-card uk-card-body uk-text-center\">\' . PHP_EOL;\r\n        echo $grid_content1 . PHP_EOL;\r\n        echo \'</div></div>\' . PHP_EOL;\r\n        echo \'<div><div class=\"uk-card uk-card-body uk-text-center\">\' . PHP_EOL;\r\n        echo $grid_content2 . PHP_EOL;\r\n        echo \'</div></div>\' . PHP_EOL;\r\n    // 3cols\r\n    } elseif (\'REX_VALUE[9]\' === \'3\') {\r\n        echo \'<div><div class=\"uk-card uk-card-body uk-text-center\">\' . PHP_EOL;\r\n        echo $grid_content1 . PHP_EOL;\r\n        echo \'</div></div>\' . PHP_EOL;\r\n        echo \'<div><div class=\"uk-card uk-card-body uk-text-center\">\' . PHP_EOL;\r\n        echo $grid_content2 . PHP_EOL;\r\n        echo \'</div></div>\' . PHP_EOL;\r\n        echo \'<div><div class=\"uk-card uk-card-body uk-text-center\">\' . PHP_EOL;\r\n        echo $grid_content3 . PHP_EOL;\r\n        echo \'</div></div>\' . PHP_EOL;\r\n    // 1col\r\n    } else {\r\n        echo \'<div><div class=\"uk-card uk-card-body uk-text-center\">\' . PHP_EOL;\r\n        echo $grid_content1 . PHP_EOL;\r\n        echo \'</div></div>\' . PHP_EOL;\r\n    }\r\n\r\n    echo \'</div>\' . PHP_EOL;\r\n    echo \'</div>\' . PHP_EOL;\r\n}\r\n','<!-- *******************************************************\r\nTEXT UND BILD IN SPALTEN\r\n******************************************************** -->\r\n\r\n<script type=\"text/javascript\">\r\njQuery(function($){\r\n    $(document).ready(function(){\r\n        $(\'select#choices\').change(function() {\r\n            $(\'.off\').hide();\r\n            for(var i = 1; i <= parseInt($(this).val()); i++) {\r\n                $(\'#col\' + i).show();\r\n            }\r\n        });\r\n        $(\'select#choices\').change();\r\n    })\r\n});\r\n</script>\r\n\r\n<fieldset class=\"form-horizontal\">\r\n    <div class=\"form-group\">\r\n        <label class=\"col-sm-2 control-label\" for=\"choices\">Spalten</label>\r\n        <div class=\"col-sm-10\">\r\n            <?php\r\n                $options = [\r\n                    \'1\' => \'volle Breite\',\r\n                    \'2\' => \'zwei Spalten\',\r\n                    \'3\' => \'drei Spalten\',\r\n                ];\r\n            ?>\r\n            <select name=\"REX_INPUT_VALUE[9]\" id=\"choices\" class=\"form-control\">\r\n            <?php foreach ($options as $k => $v) : ?>\r\n            <option value=\"<?= $k ?>\"<?php if (\'REX_VALUE[9]\' === (string) $k) {\r\n                echo \' selected=\"selected\"\';\r\n            } ?>><?= $v ?></option>\r\n            <?php endforeach ?>\r\n            </select>\r\n        </div>\r\n    </div>\r\n\r\n    <div class=\"form-group\">\r\n        <label class=\"col-sm-2 control-label\" for=\"headline\">Überschrift</label>\r\n        <div class=\"col-sm-10\">\r\n            <input class=\"form-control\" id=\"headline\" type=\"text\" name=\"REX_INPUT_VALUE[10]\" value=\"REX_VALUE[10]\" />\r\n        </div>\r\n    </div>\r\n\r\n    <div class=\"form-group\">\r\n        <label class=\"col-sm-2 control-label\" for=\"headline-level\">Überschrift-Ebene</label>\r\n        <div class=\"col-sm-10\">\r\n            <?php\r\n                $options = [\r\n                    \'h1\' => \'1. Ebene (H1)\',\r\n                    \'h2\' => \'2. Ebene (H2)\',\r\n                    \'h3\' => \'3. Ebene (H3)\',\r\n                ];\r\n            ?>\r\n            <select name=\"REX_INPUT_VALUE[11]\" id=\"headline-level\" class=\"form-control\">\r\n            <?php foreach ($options as $k => $v) : ?>\r\n            <option value=\"<?= $k ?>\"<?php if (\'REX_VALUE[11]\' === $k) {\r\n                echo \' selected=\"selected\"\';\r\n            } ?>><?= $v ?></option>\r\n            <?php endforeach ?>\r\n            </select>\r\n        </div>\r\n    </div>\r\n</fieldset>\r\n\r\n<fieldset class=\"form-horizontal\">\r\n    <legend>1. Spalte</legend>\r\n\r\n    <div class=\"form-group\">\r\n        <label class=\"col-sm-2 control-label\" for=\"markitup_textile_1\">Text</label>\r\n        <div class=\"col-sm-10\">\r\n            <textarea cols=\"1\" rows=\"10\" class=\"form-control codemirror\" data-codemirror-mode=\"markdown\" id=\"markitup_textile_1\" name=\"REX_INPUT_VALUE[1]\">REX_VALUE[1]</textarea>\r\n        </div>\r\n    </div>\r\n</fieldset>\r\n\r\n<fieldset class=\"form-horizontal off\" id=\"col2\">\r\n    <legend>2. Spalte</legend>\r\n\r\n    <div class=\"form-group\">\r\n        <label class=\"col-sm-2 control-label\" for=\"markitup_textile_2\">Text</label>\r\n        <div class=\"col-sm-10\">\r\n            <textarea cols=\"1\" rows=\"10\" class=\"form-control codemirror\" data-codemirror-mode=\"markdown\" id=\"markitup_textile_2\" name=\"REX_INPUT_VALUE[2]\">REX_VALUE[2]</textarea>\r\n        </div>\r\n    </div>\r\n</fieldset>\r\n\r\n\r\n<fieldset class=\"form-horizontal off\" id=\"col3\">\r\n    <legend>3. Spalte</legend>\r\n\r\n    <div class=\"form-group\">\r\n        <label class=\"col-sm-2 control-label\" for=\"markitup_textile_3\">Text</label>\r\n        <div class=\"col-sm-10\">\r\n            <textarea cols=\"1\" rows=\"10\" class=\"form-control codemirror\" data-codemirror-mode=\"markdown\" id=\"markitup_textile_3\" name=\"REX_INPUT_VALUE[3]\">REX_VALUE[3]</textarea>\r\n        </div>\r\n    </div>\r\n</fieldset>\r\n','2022-01-14 20:15:05','admin','2023-03-27 22:53:56','admin',NULL,0),
  (8,NULL,'99. PHP/HTML-Code','REX_VALUE[id=1 output=php]','<strong>PHP/HTML-Code:</strong><br>\r\n<textarea rows=\"16\" class=\"form-control rex-code\" style=\"width:100%;\" name=\"REX_INPUT_VALUE[1]\">REX_VALUE[1]</textarea>','2022-01-14 20:15:05','admin','2022-01-14 20:15:05','admin',NULL,0),
  (9,NULL,'05. Video','<?php\r\n\r\n$content = \'\';\r\n\r\n// col1\r\nif (\'REX_MEDIA[1]\' !== \'\') {\r\n    $media = rex_media::get(\'REX_MEDIA[1]\');\r\n    if (null !== $media) {\r\n        $mediatitle = str_replace([\"\\r\\n\", \"\\n\", \"\\r\"], \' \', (string) $media->getValue(\'title\'));\r\n        $mediasrc = $media->getUrl();\r\n    } else {\r\n        return;\r\n    }\r\n\r\n    if (rex::isBackend()) {\r\n    }\r\n}\r\n\r\n$videoparams = \'\';\r\n$videoattrs = \'\';\r\n\r\nif (rex::isFrontend()) {\r\n    if (\'REX_VALUE[13]\' === \'1\') {\r\n        $videoparams .= \'autoplay data-autoplay \';\r\n        $videoattrs .= \' -webkit-playsinline=\"\" \';\r\n    }\r\n}\r\nif (\'REX_VALUE[11]\' === \'1\') {\r\n    $videoparams .= \'muted \';\r\n}\r\nif (\'REX_VALUE[12]\' === \'1\') {\r\n    $videoparams .= \'loop \';\r\n}\r\nif (\'REX_VALUE[10]\' === \'1\') {\r\n    $videoparams .= \'controls \';\r\n}\r\n\r\n?>\r\n\r\n<div class=\"uk-text-center\">\r\n    <video class=\"video\" data-src=\"<?= $mediasrc ?>\" <?= $videoparams . $videoattrs ?>></video>\r\n</div>','<fieldset class=\"form-horizontal\">\r\n\r\n    <div class=\"form-group\">\r\n        <label class=\"col-sm-2 control-label\">Video ausählen</label>\r\n        <div class=\"col-sm-10\">\r\n            REX_MEDIA[id=\"1\" widget=\"1\" types=\"mp4,webm,ogg\"]\r\n        </div>\r\n    </div>\r\n\r\n    <div class=\"form-group\">\r\n        <label class=\"col-sm-2 control-label\" for=\"show-controls\">Video-Controls anzeigen</label>\r\n        <div class=\"col-sm-10\">\r\n            <?php\r\n                $options = [\r\n                    \'1\' => \'Ja\',\r\n                    \'0\' => \'Nein\',\r\n                ];\r\n            ?>\r\n            <select name=\"REX_INPUT_VALUE[10]\" id=\"show-controls\" class=\"form-control\">\r\n            <?php foreach ($options as $k => $v) : ?>\r\n            <option value=\"<?= $k ?>\"<?php if (\'REX_VALUE[10]\' === (string) $k) {\r\n                echo \' selected=\"selected\"\';\r\n            } ?>><?= $v ?></option>\r\n            <?php endforeach ?>\r\n            </select>\r\n        </div>\r\n    </div>\r\n\r\n    <div class=\"form-group\">\r\n        <label class=\"col-sm-2 control-label\" for=\"mute-vide\">Ton ausschalten</label>\r\n        <div class=\"col-sm-10\">\r\n            <?php\r\n                $options = [\r\n                    \'1\' => \'Ja\',\r\n                    \'0\' => \'Nein\',\r\n                ];\r\n            ?>\r\n            <select name=\"REX_INPUT_VALUE[11]\" id=\"mute-video\" class=\"form-control\">\r\n            <?php foreach ($options as $k => $v) : ?>\r\n            <option value=\"<?= $k ?>\"<?php if (\'REX_VALUE[11]\' === (string) $k) {\r\n                echo \' selected=\"selected\"\';\r\n            } ?>><?= $v ?></option>\r\n            <?php endforeach ?>\r\n            </select>\r\n        </div>\r\n    </div>\r\n\r\n    <div class=\"form-group\">\r\n        <label class=\"col-sm-2 control-label\" for=\"loop-video\">Loop Video</label>\r\n        <div class=\"col-sm-10\">\r\n            <?php\r\n                $options = [\r\n                    \'1\' => \'Ja\',\r\n                    \'0\' => \'Nein\',\r\n                ];\r\n            ?>\r\n            <select name=\"REX_INPUT_VALUE[12]\" id=\"loop-video\" class=\"form-control\">\r\n            <?php foreach ($options as $k => $v) : ?>\r\n            <option value=\"<?= $k ?>\"<?php if (\'REX_VALUE[12]\' === (string) $k) {\r\n                echo \' selected=\"selected\"\';\r\n            } ?>><?= $v ?></option>\r\n            <?php endforeach ?>\r\n            </select>\r\n        </div>\r\n    </div>\r\n\r\n    <div class=\"form-group\">\r\n        <label class=\"col-sm-2 control-label\" for=\"autoplay-video\">Video automatisch starten</label>\r\n        <div class=\"col-sm-10\">\r\n            <?php\r\n                $options = [\r\n                    \'1\' => \'Ja\',\r\n                    \'0\' => \'Nein\',\r\n                ];\r\n            ?>\r\n            <select name=\"REX_INPUT_VALUE[13]\" id=\"autoplay-video\" class=\"form-control\">\r\n            <?php foreach ($options as $k => $v) : ?>\r\n            <option value=\"<?= $k ?>\"<?php if (\'REX_VALUE[13]\' === (string) $k) {\r\n                echo \' selected=\"selected\"\';\r\n            } ?>><?= $v ?></option>\r\n            <?php endforeach ?>\r\n            </select>\r\n        </div>\r\n    </div>\r\n\r\n</fieldset>','2022-02-11 20:08:15','admin','2023-03-27 22:54:31','admin',NULL,0);
/*!40000 ALTER TABLE `rex_module` ENABLE KEYS */;
UNLOCK TABLES;

DROP TABLE IF EXISTS `rex_template`;
CREATE TABLE `rex_template` (
  `id` int(10) unsigned NOT NULL AUTO_INCREMENT,
  `key` varchar(191) COLLATE utf8mb4_unicode_ci DEFAULT NULL,
  `name` varchar(255) COLLATE utf8mb4_unicode_ci DEFAULT NULL,
  `content` mediumtext COLLATE utf8mb4_unicode_ci DEFAULT NULL,
  `active` tinyint(1) DEFAULT NULL,
  `createdate` datetime NOT NULL,
  `createuser` varchar(255) COLLATE utf8mb4_unicode_ci NOT NULL,
  `updatedate` datetime NOT NULL,
  `updateuser` varchar(255) COLLATE utf8mb4_unicode_ci NOT NULL,
  `attributes` text COLLATE utf8mb4_unicode_ci DEFAULT NULL,
  `revision` int(11) NOT NULL,
  PRIMARY KEY (`id`),
  UNIQUE KEY `key` (`key`)
) ENGINE=InnoDB AUTO_INCREMENT=9 DEFAULT CHARSET=utf8mb4 COLLATE=utf8mb4_unicode_ci;

LOCK TABLES `rex_template` WRITE;
/*!40000 ALTER TABLE `rex_template` DISABLE KEYS */;
INSERT INTO `rex_template` VALUES 
  (1,NULL,'01. Standard','<?php if (\'lightboxcontent\' === rex_request(\'type\', \'string\', \'\')) { ?>\r\nREX_TEMPLATE[8 comment=\'lightbox-Template\']\r\n<?php exit;\r\n} ?>\r\nREX_TEMPLATE[2 comment=\'PHP Header\']\r\nREX_TEMPLATE[3 comment=\'HTML Header]\r\n<?php\r\n\r\n$rootCategories = rex_category::getRootCategories(true);\r\n\r\n$_mainnav = \'\';\r\n$_content = \'\';\r\n$_autoscroll = \'\';\r\n$horizontal_slide_titles = [];\r\n\r\n/** @var array<string> $fullpagedemo */\r\n\r\nif (null !== $rootCategories) {\r\n    $addon = rex_addon::get(\'demo_fullpage\');\r\n\r\n    $_navtooltip = $addon->getConfig(\'shownavigationtooltip\');\r\n    $_use_subcats = $addon->getConfig(\'usesubcategories\');\r\n    $_autoscroll = $addon->getConfig(\'autoscrolling\');\r\n\r\n    $_mainnav .= \'	<nav class=\"main-navigation\">\' . PHP_EOL;\r\n    $_mainnav .= \'		<div class=\"pagelogo\">\' . PHP_EOL;\r\n    $_mainnav .= \'			<img src=\"\' . $fullpagedemo[\'logo\'] . \'\" alt=\"\' . $fullpagedemo[\'logotitle\'] . \'\" uk-tooltip=\"pos: bottom\" title=\"\' . $fullpagedemo[\'logotitle\'] . \'\">\' . PHP_EOL;\r\n    $_mainnav .= \'		</div>\' . PHP_EOL;\r\n    $_mainnav .= \'		<button class=\"hamburger\" type=\"button\" name=\"menu\" aria-label=\"Hamburger menu\"><span class=\"hamburger-box\"><span class=\"hamburger-inner\"></span></span></button>\' . PHP_EOL;\r\n    $_mainnav .= \'		<ul class=\"mainnav\">\' . PHP_EOL;\r\n\r\n    $odd = true;\r\n    $horizontalodd = true;\r\n\r\n    $sectionindex = 0;\r\n    foreach ($rootCategories as $cat) {\r\n        if ($cat->isOnline()) {\r\n            ++$sectionindex;\r\n\r\n            $href = rex_string::normalize(htmlspecialchars($cat->getName()));\r\n            $name = htmlspecialchars($cat->getName());\r\n\r\n            // Main navigation\r\n            $hideclass = \'\';\r\n            if (\'|true|\' === $cat->getValue(\'cat_fullpage_nomenu\')) {\r\n                $hideclass = \' hide-mainnav\';\r\n            }\r\n            $_mainnav .= \'			<li data-menuanchor=\"\' . $href . \'\" class=\"mainnaventry-\' . $cat->getId() . $hideclass .\'\"><a href=\"#\' . $href . \'\" data-sectionid=\"\' . $cat->getId() . \'\">\' . $name . \'</a></li>\' . PHP_EOL;\r\n\r\n            // Section tooltip\r\n            if (\'\' !== $_navtooltip) {\r\n                $tooltip = \' data-tooltip=\"\' . $name . \'\"\';\r\n            } else {\r\n                $tooltip = \'\';\r\n            }\r\n\r\n            // Section background-color, background-image and background-video from category\r\n            $_style = [];\r\n            $video = \'\';\r\n            if (\'\' !== $cat->getValue(\'cat_fullpage_bgcolor\')) {\r\n                $_style[\'bgcolor\'] = \'background:\' . $cat->getValue(\'cat_fullpage_bgcolor\') . \';\';\r\n            }\r\n            if (\'\' !== $cat->getValue(\'cat_fullpage_bgimage\')) {\r\n                $_style[\'bgimage\'] = \'background-image:url(\' . rex_url::media((string) $cat->getValue(\'cat_fullpage_bgimage\')) . \');\';\r\n            }\r\n            if (\'\' !== $cat->getValue(\'cat_fullpage_bgvideo\')) {\r\n                $media = rex_media::get((string) $cat->getValue(\'cat_fullpage_bgvideo\'));\r\n                if (null !== $media) {\r\n                    $video = PHP_EOL . \' data-bgvideo=\"\' . rex_url::media((string) $cat->getValue(\'cat_fullpage_bgvideo\')) . \'\" data-videotype=\"\' . $media->getType() . \'\"\';\r\n                }\r\n            }\r\n\r\n            // Section background-color and background-image from article\r\n            $_artid = $cat->getId();\r\n            if (null !== $_artid) {\r\n                $_art = new rex_article_content($_artid);\r\n                if (\'\' !== $_art->getValue(\'art_fullpage_bgcolor\')) {\r\n                    $_style[\'bgcolor\'] = \'background:\' . $_art->getValue(\'art_fullpage_bgcolor\') . \';\';\r\n                }\r\n                if (\'\' !== $_art->getValue(\'art_fullpage_bgimage\')) {\r\n                    $_style[\'bgimage\'] = \'background-image:url(\' . rex_url::media((string) $_art->getValue(\'art_fullpage_bgimage\')) . \');\';\r\n                }\r\n                if (\'\' !== $_art->getValue(\'art_fullpage_bgvideo\')) {\r\n                    $media = rex_media::get((string) $_art->getValue(\'art_fullpage_bgvideo\'));\r\n                    if (null !== $media) {\r\n                        $video = PHP_EOL . \' data-bgvideo=\"\' . rex_url::media((string) $_art->getValue(\'art_fullpage_bgvideo\')) . \'\" data-videotype=\"\' . $media->getType() . \'\"\';\r\n                    }\r\n                }\r\n            }\r\n\r\n            // Computed section style\r\n            $style = \' data-bgstyle=\"\' . implode(\' \', $_style) . \'\"\';\r\n            if (\' style=\"\"\' === $style) {\r\n                $style = \'\';\r\n            }\r\n\r\n            $_slides = [];\r\n            $_pagecontent = \'\';\r\n\r\n            if (null !== ($_articles = $cat->getArticles(true))) {\r\n                foreach ($_articles as $_artx) {\r\n                    $_slides[] = $_artx->getId();\r\n                }\r\n            }\r\n\r\n            // Artikel der Unterkategorien als horizontale Slides\r\n            if (\'\' !== $_use_subcats) {\r\n                if (null !== ($_categories = $cat->getChildren(true))) {\r\n                    foreach ($_categories as $_cat) {\r\n                        if (null !== ($_articles = $_cat->getArticles(true))) {\r\n                            foreach ($_articles as $_artx) {\r\n                                $_slides[] = $_artx->getId();\r\n                            }\r\n                        }\r\n                    }\r\n                }\r\n            }\r\n\r\n            // Section class, autoheight ?\r\n            $_class = [];\r\n            $_class[] = \'section\';\r\n            $_class[] = \'section-\' . $cat->getId();\r\n            $_class[] = \'section-idx-\' . $sectionindex;\r\n            $_class[] = (true === $odd) ? \'section-odd\' : \'section-even\';\r\n            if (\'|true|\' === $cat->getValue(\'cat_fullpage_autoheight\') && (1 === count($_slides))) { // && !$_autoscroll\r\n                $_class[] = \'fp-auto-height\';\r\n            }\r\n            $_class[] = \'fp-auto-height-responsive\';\r\n\r\n            if (count($_slides) > 1) {\r\n                $_class[] = \'hasslides\';\r\n            }\r\n            $class = implode(\' \', $_class);\r\n\r\n            // Section\r\n            $_content .= \'	<!-- Fullpage-Slide \' . $cat->getId() . \' -->\' . PHP_EOL;\r\n            $_content .= \'	<section class=\"\' . $class . \'\" id=\"section\' . $cat->getId() . \'\" data-anchor=\"\' . $href . \'\" data-idx=\"\' . $sectionindex . \'\" data-cat=\"\' . $cat->getId() . \'\"\' . $tooltip . $style . $video . \'>\' . PHP_EOL;\r\n\r\n            // Nur ein Slide\r\n            if (1 === count($_slides)) {\r\n                foreach ($_slides as $_artidx) {\r\n                    $_art = new rex_article_content($_artidx);\r\n                    $_pagecontent .= \'		<div class=\"uk-container\">\' . PHP_EOL;\r\n                    $_pagecontent .= $_art->getArticle() . PHP_EOL;\r\n                    $_pagecontent .= \'		</div>\' . PHP_EOL;\r\n                }\r\n            }\r\n\r\n            // Horizontale Slides wenn mehrere Artikel in der Kategorie vorhanden sind, evtl. auch Unterkategorien laut Einstellungen\r\n            $slideindex = -1;\r\n            if (count($_slides) > 1) {\r\n                foreach ($_slides as $_artidx) {\r\n                    ++$slideindex;\r\n\r\n                    $_art = new rex_article_content($_artidx);\r\n                    $href = rex_string::normalize(htmlspecialchars((string) $_art->getValue(\'name\')));\r\n\r\n                    // Slide tooltip\r\n                    if (\'\' !== $_navtooltip) {\r\n                        $tooltip = \' data-tooltip=\"\' . $_art->getValue(\'name\') . \'\"\';\r\n                    } else {\r\n                        $tooltip = \'\';\r\n                    }\r\n\r\n                    $_class = [];\r\n                    $_class[] = \'slide\';\r\n                    $_class[] = \'slide-\' . $_art->getValue(\'id\');\r\n                    $_class[] = \'slide-\' . $cat->getId() . \'-\' . $_art->getValue(\'id\');\r\n                    $_class[] = \'slide-idx-\' . $slideindex;\r\n                    $_class[] = (true === $horizontalodd) ? \'slide-odd\' : \'slide-even\';\r\n                    $class = implode(\' \', $_class);\r\n\r\n                    $_style = [];\r\n                    if (\'\' !== $_art->getValue(\'art_fullpage_bgcolor\')) {\r\n                        $_style[\'bgcolor\'] = \'background:\' . $_art->getValue(\'art_fullpage_bgcolor\') . \';\';\r\n                    }\r\n                    if (\'\' !== $_art->getValue(\'art_fullpage_bgimage\')) {\r\n                        $_style[\'bgimage\'] = \'background-image:url(\' . rex_url::media((string) $_art->getValue(\'art_fullpage_bgimage\')) . \');\';\r\n                    }\r\n                    $video = \'\';\r\n                    if (\'\' !== $_art->getValue(\'art_fullpage_bgvideo\')) {\r\n                        $media = rex_media::get((string) $_art->getValue(\'art_fullpage_bgvideo\'));\r\n                        if (null !== $media) {\r\n                            $video = \' data-bgvideo=\"\' . rex_url::media((string) $_art->getValue(\'art_fullpage_bgvideo\')) . \'\" data-videotype=\"\' . $media->getType() . \'\"\';\r\n                        }\r\n                    }\r\n\r\n                    $bgstyle = \'\';\r\n                    if (\'\' !== implode(\' \', $_style)) {\r\n                        $bgstyle = \' data-bgstyle=\"\' . implode(\' \', $_style) . \'\"\';\r\n                    }\r\n                    $_pagecontent .= PHP_EOL . \'		<!-- Horizontal Slide \' . $_art->getValue(\'id\') . \' -->\' . PHP_EOL;\r\n                    $_pagecontent .= \'		<div class=\"\' . $class . \'\" id=\"slide\' . $_art->getValue(\'id\') . \'\" data-anchor=\"\' . $href . \'\"\' . $tooltip . $bgstyle . $video . \'>\' . PHP_EOL;\r\n                    $_pagecontent .= \'		<div class=\"uk-container\">\' . PHP_EOL;\r\n                    $_pagecontent .= $_art->getArticle() . PHP_EOL;\r\n                    $_pagecontent .= \'		</div>\' . PHP_EOL;\r\n                    $_pagecontent .= \'		</div>\' . PHP_EOL;\r\n                    $slide = \'slide\';\r\n\r\n                    // $data = [ \"item\" =>  [\"id\", \"123456\", \"name\", \"adam\"]  ];\r\n                    $horizontal_slide_titles[$cat->getId()][] = [$cat->getId(), $_art->getValue(\'name\')];\r\n\r\n                    $horizontalodd = !$horizontalodd;\r\n                }\r\n            }\r\n\r\n            $_content .= $_pagecontent;\r\n\r\n            $_content .= \'	</section>\' . PHP_EOL . PHP_EOL;\r\n            $odd = !$odd;\r\n        }\r\n    }\r\n\r\n    $_mainnav .= \'		</ul>\' . PHP_EOL;\r\n    $_mainnav .= \'	</nav>\' . PHP_EOL;\r\n}\r\n?>\r\n\r\n<div class=\"pagewrapper\">\r\n\r\n<?= $_mainnav ?>\r\n\r\n    <div class=\"fullpage<?= \'1\' === $_autoscroll ? \' autoscroll\' : \'\' ?>\" data-themeid=\"<?= $fullpagedemo[\'theme\'] ?>\">\r\n\r\n<?= $_content ?>\r\n    </div> <!-- /fullpage -->\r\n\r\n</div> <!-- /pagewrapper -->\r\n\r\nREX_TEMPLATE[4 comment=\'Footer\']',1,'2023-03-15 21:23:52','admin','2023-03-27 22:32:46','admin','{\"ctype\":[],\"modules\":{\"1\":{\"all\":\"1\"}},\"categories\":{\"all\":\"1\"}}',0),
  (2,NULL,'10. PHP Header','<?php\r\n// Error report should only be active during development. Deavtivate (0) on a live website\r\n// error_reporting(0);\r\nerror_reporting(E_ALL);\r\n\r\n// Is User not logged in?\r\nif (!rex_backend_login::hasSession()) {\r\n    // Is current article offline?\r\n    if (0 === $this->getValue(\'status\')) {\r\n        // redirect to 404 page\r\n        header(\'HTTP/1.1 301 Moved Permanently\');\r\n        header(\'Location: \' . rex_getUrl(rex_article::getNotfoundArticleId(), rex_clang::getCurrentId()));\r\n        exit;\r\n    }\r\n}\r\n\r\n// set charset to utf8\r\nheader(\'Content-Type: text/html; charset=utf-8\');\r\n\r\n// setLocale is a language meta field, set your individual locale informations per language\r\nsetlocale(LC_ALL, \'\'.rex_clang::getCurrent()->getValue(\'clang_setlocale\'));\r\n\r\n// Use article title as title-Tag, unless a custom title-tag is set\r\nif (\'\' !== $this->getValue(\'art_title\') && null !== $this->getValue(\'art_title\')) {\r\n    $title = htmlspecialchars($this->getValue(\'art_title\'));\r\n} else {\r\n    $title = htmlspecialchars($this->getValue(\'name\'));\r\n}\r\n\r\n// Keywords and description\r\n// If current article does not have keywords and description, take them from start article\r\nif (\'\' !== $this->getValue(\'art_keywords\') && null !== $this->getValue(\'art_keywords\')) {\r\n    $keywords = htmlspecialchars($this->getValue(\'art_keywords\'));\r\n} else {\r\n    $home = new rex_article_content(rex_article::getSiteStartArticleId());\r\n    $keywords = htmlspecialchars((string) $home->getValue(\'art_keywords\'));\r\n}\r\n\r\nif (\'\' !== $this->getValue(\'art_description\')) {\r\n    $description = htmlspecialchars((string) $this->getValue(\'art_description\'));\r\n} else {\r\n    $home = new rex_article_content(rex_article::getSiteStartArticleId());\r\n    $description = htmlspecialchars((string) $home->getValue(\'art_description\'));\r\n}\r\n\r\n/** @var array<string> $fullpagedemo */\r\n\r\n// Theme aus Addon-Einstellungen (addon demo_fullpage)\r\n$fullpagedemo[\'theme\'] = rex_addon::get(\'demo_fullpage\')->getConfig(\'theme\');\r\nif (\'project:\' === substr($fullpagedemo[\'theme\'], 0, 8)) {\r\n    $fullpagedemo[\'theme\'] = str_replace(\'project:\', \'\', $fullpagedemo[\'theme\']);\r\n}\r\n$xtheme = rex_request(\'theme\', \'string\', \'\');\r\nif (\'\' !== $xtheme && file_exists(rex_path::addonAssets(\'demo_fullpage\', \'themes/\' . $xtheme))) {\r\n    $fullpagedemo[\'theme\'] = $xtheme;\r\n}\r\n\r\n// Logo aus Addon-Einstellungen (addon demo_fullpage)\r\n$fullpagedemo[\'logo\'] = rex_addon::get(\'demo_fullpage\')->getConfig(\'logo\');\r\nif (\'\' === $fullpagedemo[\'logo\']) {\r\n    if (file_exists(rex_path::addonAssets(\'demo_fullpage\', \'themes/\' . $fullpagedemo[\'theme\'] . \'/img/logo.svg\'))) {\r\n        $fullpagedemo[\'logo\'] = rex_url::base(\'assets/addons/demo_fullpage/themes/\' . $fullpagedemo[\'theme\'] . \'/img/logo.svg\');\r\n    } else {\r\n        $fullpagedemo[\'logo\'] = rex_url::base(\'assets/addons/demo_fullpage/themes/\' . $fullpagedemo[\'theme\'] . \'/img/logo.png\');\r\n    }\r\n} else {\r\n    $fullpagedemo[\'logo\'] = rex_url::base(\'media/\' . $fullpagedemo[\'logo\']);\r\n}\r\n$fullpagedemo[\'logotitle\'] = trim(rex::getServerName());\r\nif (\'\' === $fullpagedemo[\'logotitle\']) {\r\n    $fullpagedemo[\'logotitle\'] = \'Fullpage-Demo für das REDAXO CMS\';\r\n}\r\n?><!DOCTYPE html>',0,'2022-07-12 23:44:52','admin','2023-03-27 22:32:01','admin','{\"ctype\":[],\"modules\":{\"1\":{\"all\":\"1\"}},\"categories\":{\"all\":\"1\"}}',0),
  (3,NULL,'11. HTML-Header','<html lang=\"<?= rex_clang::getCurrent()->getCode() ?>\">\r\n<head>\r\n<?php\r\n/** @var array<string> $fullpagedemo */\r\n/** @var string $title */\r\n/** @var string $keywords */\r\n/** @var string $description */\r\n?>\r\n<!--\r\n    Fullpage-Demo (Version <?= \'\'.rex_addon::get(\'demo_fullpage\')->getProperty(\'version\') ?>) für REDAXO 5\r\n\r\n    https://redaxo.org/\r\n    https://friendsofredaxo.github.io/\r\n    https://github.com/FriendsOfREDAXO/demo_fullpage\r\n-->\r\n\r\n    <meta charset=\"utf-8\">\r\n    <meta http-equiv=\"X-UA-Compatible\" content=\"IE=edge\" />\r\n    <meta name=\"viewport\" content=\"width=device-width, initial-scale=1\">\r\n\r\n    <title><?= $title ?></title>\r\n    <meta name=\"keywords\" content=\"<?= $keywords ?>\">\r\n    <meta name=\"description\" content=\"<?= $description ?>\">\r\n\r\n    <link rel=\"shortcut icon\" href=\"<?= rex_url::base(\'assets/addons/demo_fullpage/themes/\' . $fullpagedemo[\'theme\'] . \'/img/favicon.ico\') ?>\">\r\n    <link rel=\"icon\" type=\"image/png\" sizes=\"16x16\" href=\"<?= rex_url::base(\'assets/addons/demo_fullpage/themes/\' . $fullpagedemo[\'theme\'] . \'/img/favicon-16x16.png\') ?>\">\r\n    <link rel=\"icon\" type=\"image/png\" sizes=\"32x32\" href=\"<?= rex_url::base(\'assets/addons/demo_fullpage/themes/\' . $fullpagedemo[\'theme\'] . \'/img/favicon-32x32.png\') ?>\">\r\n\r\n    <link rel=\"stylesheet\" href=\"<?= rex_url::base(\'assets/addons/demo_fullpage/css/uikit.min.css\') ?>\">\r\n    <link rel=\"stylesheet\" href=\"<?= rex_url::base(\'assets/addons/demo_fullpage/css/jquery.fullpage.min.css\') ?>\">\r\n\r\n    <link rel=\"stylesheet\" href=\"<?= rex_url::base(\'assets/addons/demo_fullpage/themes/\' . $fullpagedemo[\'theme\'] . \'/css/theme.min.css\') ?>\">\r\n\r\n</head>\r\n\r\n<body data-themeid=\"<?= $fullpagedemo[\'theme\'] ?>\">\r\n\r\n<div class=\"loader\">Loading ...</div>',0,'2023-01-22 01:52:04','admin','2023-03-27 22:25:56','admin','{\"ctype\":[],\"modules\":{\"1\":{\"all\":\"1\"}},\"categories\":{\"all\":\"1\"}}',0),
  (4,NULL,'20. Footer','REX_TEMPLATE[7 comment=\'Style Switcher\']\r\n\r\n<!-- Fullpage-Options -->\r\n<script>\r\nvar fps_options = {\r\n<?php\r\n/** @var array<string> $fullpagedemo */\r\n\r\n$addon = rex_addon::get(\'demo_fullpage\');\r\n$opts = [];\r\n\r\n$respwidth = $addon->getConfig(\'responsivewidth\');\r\nif (\'\' === $respwidth) {\r\n    $respwidth = 1200;\r\n}\r\n\r\n$respheight = $addon->getConfig(\'responsiveheight\');\r\nif (\'\' === $respheight) {\r\n    $respheight = 750;\r\n}\r\n\r\n$sspeed = $addon->getConfig(\'scrollingspeed\');\r\nif (\'\' === $sspeed) {\r\n    $sspeed = 800;\r\n}\r\n\r\n$opts[] = (\'\' !== $addon->getConfig(\'showscrollbar\')) ? \'  scrollBar: true\' : \'  scrollBar: false\';\r\n$opts[] = \'  responsiveWidth: \' . $respwidth;\r\n$opts[] = \'  responsiveHeight: \' . $respheight;\r\n$opts[] = \'  scrollingSpeed: \' . $sspeed;\r\nif (\'\' !== $addon->getConfig(\'autoscrolling\')) {\r\n    $opts[] = \'  autoScrolling: true\';\r\n    $opts[] = \'  fitToSection: true\';\r\n} else {\r\n    $opts[] = \'  autoScrolling: false\';\r\n    $opts[] = \'  fitToSection: false\';\r\n}\r\nif (\'\' !== $addon->getConfig(\'shownavigation\')) {\r\n    $opts[] = \'  navigation: true\';\r\n    $opts[] = \'  navigationPosition: \\\'\' . $addon->getConfig(\'navigationposition\') . \'\\\'\';\r\n} else {\r\n    $opts[] = \'  navigation: false\';\r\n    $opts[] = \'  navigationPosition: \\\'\' . $addon->getConfig(\'navigationposition\') . \'\\\'\';\r\n}\r\n$opts[] = (\'\' !== $addon->getConfig(\'showslidearrows\')) ? \'  controlArrows: true\' : \'  controlArrows: false\';\r\nif (\'\' !== $addon->getConfig(\'showslidenavigation\')) {\r\n    $opts[] = \'  slidesNavigation: true\';\r\n    $opts[] = \'  slidesNavPosition: \\\'\' . $addon->getConfig(\'slidenavigationposition\') . \'\\\'\';\r\n} else {\r\n    $opts[] = \'  slidesNavigation: false\';\r\n    $opts[] = \'  slidesNavPosition: \\\'\' . $addon->getConfig(\'slidenavigationposition\') . \'\\\'\';\r\n}\r\n\r\necho implode(\',\'.PHP_EOL, $opts) . PHP_EOL;\r\n?>\r\n};\r\nfps_shownavigationtooltip = \'<?= \'\'.$addon->getConfig(\'shownavigationtooltip\') ?>\';\r\n</script>\r\n\r\n<!-- Titel für horizontale Slides -->\r\n<script>\r\n<?php if (isset($horizontal_slide_titles)) { ?>var fp_horizontal_slide_titles = \'<?= json_encode($horizontal_slide_titles) ?>\';<?php } ?>\r\n</script>\r\n\r\n<!-- Javascript -->\r\n<script src=\"<?= rex_url::base(\'assets/addons/demo_fullpage/js/jquery.min.js\') ?>\"></script>\r\n<!-- Die beiden folgenden Scripte können bei Bedarf aktiviert werden (easing, scrolloverflow)\r\n<script defer src=\"<?= rex_url::base(\'assets/addons/demo_fullpage/js/vendors/jquery.easings.min.js\') ?>\"></script>\r\n<script defer src=\"<?= rex_url::base(\'assets/addons/demo_fullpage/js/vendors/scrolloverflow.min.js\') ?>\"></script> -->\r\n<script defer src=\"<?= rex_url::base(\'assets/addons/demo_fullpage/js/jquery.fullpage.min.js\') ?>\"></script>\r\n<script defer src=\"<?= rex_url::base(\'assets/addons/demo_fullpage/js/uikit.min.js\') ?>\"></script>\r\n<script defer src=\"<?= rex_url::base(\'assets/addons/demo_fullpage/js/uikit-icons.min.js\') ?>\"></script>\r\n\r\n<script defer src=\"<?= rex_url::base(\'assets/addons/demo_fullpage/themes/\' . $fullpagedemo[\'theme\'] . \'/js/theme.js\') ?>\"></script>\r\n\r\n</body>\r\n</html>',0,'2023-03-30 22:46:35','admin','2023-03-30 22:46:35','admin','{\"ctype\":[],\"modules\":{\"1\":{\"all\":\"1\"}},\"categories\":{\"all\":\"1\"}}',0),
  (5,NULL,'99. Download','<?php\r\n\r\n$file_name = strtolower((string) preg_replace(\'/[^a-zA-Z0-9.\\-\\$\\+]/\', \'_\', rex_request(\'file\', \'string\')));\r\n$file_type = \'application/octetstream\';\r\n$file_path = rex_path::media($file_name);\r\n\r\nif (\'\' !== $file_name) {\r\n    $fp = @fopen($file_path, \'r\');\r\n    if (false !== $fp) {\r\n        header(\'Expires: Mon, 01 Jan 2000 01:01:01 GMT\'); // Date in the past\r\n        header(\'Last-Modified: \' . gmdate(\'D, d M Y H:i:s\') . \' GMT\'); // always modified\r\n        header(\'Cache-Control: no-store, no-cache, must-revalidate\'); // HTTP/1.1\r\n        header(\'Cache-Control: post-check=0, pre-check=0\', false);\r\n        header(\'Cache-Control: private\');\r\n        header(\'Pragma: no-cache\');\r\n        header(\'Content-Type: $file_type; name=\"\' . $file_name . \'\"\');\r\n        header(\'Content-Disposition: attachment; filename=\"\' . $file_name . \'\"\');\r\n        rex_response::cleanOutputBuffers();\r\n        fpassthru($fp);\r\n        fclose($fp);\r\n    }\r\n    exit;\r\n}\r\n\r\necho \'<div class=\"warning\"\">Download failed</div>\';\r\n',1,'2022-02-24 21:14:06','admin','2023-04-01 22:52:14','admin','{\"ctype\":[],\"modules\":{\"1\":{\"all\":\"1\"}},\"categories\":{\"all\":\"1\"}}',0),
  (6,NULL,'02. Leeres Template','REX_ARTICLE[]',1,'2022-01-14 20:15:05','admin','2022-01-14 20:15:05','admin','{\"ctype\":[],\"modules\":{\"1\":{\"all\":\"1\"}},\"categories\":{\"all\":\"1\"}}',0),
  (7,NULL,'21. Style-Switcher','<div class=\"for\" uk-tooltip=\"pos: left\" title=\"FriendsOfREDAXO - TREX\"><a href=\"https://friendsofredaxo.github.io/\" class=\"newwindow\">FriendsOfREDAXO - TREX</a></div>\r\n\r\n<ul class=\"imprint\" title=\"Impressum & Datenschutz\">\r\n<li><a href=\"<?= rex_getUrl(23); ?>\" class=\"lightboxcontent\" data-gallery=\"gallery:imprint\" data-width=\"80vw\" data-height=\"90vh\" uk-tooltip title=\"Impressum\">Impressum</a></li>\r\n<li><a href=\"<?= rex_getUrl(22); ?>\" class=\"lightboxcontent\" data-gallery=\"gallery:imprint\" data-width=\"80vw\" data-height=\"90vh\" uk-tooltip title=\"Datenschutz\">Datenschutz</a></li>\r\n</ul>\r\n\r\n<ul class=\"styleswitch\" title=\"Theme Switch\">\r\n<li><a class=\"coffee\" href=\"./?theme=coffee\" uk-tooltip title=\"Theme coffee\">Theme coffee</a></li>\r\n<li><a class=\"bike\" href=\"./?theme=bike\" uk-tooltip title=\"Theme bike\">Theme bike</a></li>\r\n<li><a class=\"road\" href=\"./?theme=road\" uk-tooltip title=\"Theme road\">Theme road</a></li>\r\n<li><a class=\"minimal\" href=\"./?theme=minimal\" uk-tooltip title=\"Theme minimal\">Theme minimal</a></li>\r\n</ul>\r\n\r\n<div style=\"display:none;\">REDAXO 5 really rocks!</div>\r\n',0,'2023-03-31 00:08:40','admin','2023-03-31 00:08:40','admin','{\"ctype\":[],\"modules\":{\"1\":{\"all\":\"1\"}},\"categories\":{\"all\":\"1\"}}',0),
  (8,NULL,'03. lightbox-Template','<?php\r\n/** @var array<string> $fullpagedemo */\r\n?>\r\n\r\nREX_TEMPLATE[2 comment=\'PHP Header\']<!DOCTYPE html>\r\n<html lang=\"de\">\r\n<head>\r\n<title>Fullpage-Demo für das REDAXO CMS</title>\r\n<link rel=\"stylesheet\" href=\"<?= rex_url::base(\'assets/addons/demo_fullpage/css/uikit.min.css\') ?>\">\r\n<link rel=\"stylesheet\" href=\"<?= rex_url::base(\'assets/addons/demo_fullpage/themes/\' . $fullpagedemo[\'theme\'] . \'/css/theme.min.css\') ?>\">\r\n</head>\r\n\r\n<body class=\"lightboxcontent\">\r\n\r\n<section class=\"lightboxcontent\">\r\n<div class=\"lightboxcontent\">\r\n    <div class=\"uk-container\">\r\n        REX_ARTICLE[]\r\n    </div>\r\n</div>\r\n</section>\r\n\r\n<script src=\"<?= rex_url::base(\'assets/addons/demo_fullpage/js/jquery.min.js\') ?>\"></script>\r\n<script defer src=\"<?= rex_url::base(\'assets/addons/demo_fullpage/js/uikit.min.js\') ?>\"></script>\r\n<script defer src=\"<?= rex_url::base(\'assets/addons/demo_fullpage/js/uikit-icons.min.js\') ?>\"></script>\r\n<script defer src=\"<?= rex_url::base(\'assets/addons/demo_fullpage/themes/\' . $fullpagedemo[\'theme\'] . \'/js/theme-lightbox.js\') ?>\"></script>\r\n\r\n</body>\r\n</html>',1,'2022-07-12 22:59:28','admin','2023-03-27 22:29:43','admin','{\"ctype\":[],\"modules\":{\"1\":{\"all\":\"1\"}},\"categories\":{\"all\":\"1\"}}',0);
/*!40000 ALTER TABLE `rex_template` ENABLE KEYS */;
UNLOCK TABLES;

SET FOREIGN_KEY_CHECKS = 1;
