## Redaxo Database Dump Version 5
## Prefix rex_
## charset utf8mb4

SET FOREIGN_KEY_CHECKS = 0;

DROP TABLE IF EXISTS `rex_article`;
CREATE TABLE `rex_article` (
  `pid` int(10) unsigned NOT NULL AUTO_INCREMENT,
  `id` int(10) unsigned NOT NULL,
  `parent_id` int(10) unsigned NOT NULL,
  `name` varchar(255) COLLATE utf8mb4_unicode_ci NOT NULL,
  `catname` varchar(255) COLLATE utf8mb4_unicode_ci NOT NULL,
  `catpriority` int(10) unsigned NOT NULL,
  `startarticle` tinyint(1) NOT NULL,
  `priority` int(10) unsigned NOT NULL,
  `path` varchar(255) COLLATE utf8mb4_unicode_ci NOT NULL,
  `status` tinyint(1) NOT NULL,
  `template_id` int(10) unsigned NOT NULL,
  `clang_id` int(10) unsigned NOT NULL,
  `createdate` datetime NOT NULL,
  `createuser` varchar(255) COLLATE utf8mb4_unicode_ci NOT NULL,
  `updatedate` datetime NOT NULL,
  `updateuser` varchar(255) COLLATE utf8mb4_unicode_ci NOT NULL,
  `revision` int(10) unsigned NOT NULL,
  `art_title` text COLLATE utf8mb4_unicode_ci DEFAULT NULL,
  `art_keywords` text COLLATE utf8mb4_unicode_ci DEFAULT NULL,
  `art_description` text COLLATE utf8mb4_unicode_ci DEFAULT NULL,
  `art_online_from` text COLLATE utf8mb4_unicode_ci DEFAULT NULL,
  `art_online_to` text COLLATE utf8mb4_unicode_ci DEFAULT NULL,
  `art_fullpage_bgimage` varchar(255) COLLATE utf8mb4_unicode_ci DEFAULT '',
  `art_fullpage_bgcolor` text COLLATE utf8mb4_unicode_ci DEFAULT NULL,
  `cat_fullpage_bgimage` varchar(255) COLLATE utf8mb4_unicode_ci DEFAULT '',
  `cat_fullpage_bgcolor` text COLLATE utf8mb4_unicode_ci DEFAULT NULL,
  `cat_fullpage_autoheight` varchar(255) COLLATE utf8mb4_unicode_ci DEFAULT '',
  `cat_fullpage_nomenu` varchar(255) COLLATE utf8mb4_unicode_ci DEFAULT '',
  `art_fullpage_bgvideo` varchar(255) COLLATE utf8mb4_unicode_ci DEFAULT '',
  `cat_fullpage_bgvideo` varchar(255) COLLATE utf8mb4_unicode_ci DEFAULT '',
  PRIMARY KEY (`pid`),
  UNIQUE KEY `find_articles` (`id`,`clang_id`),
  KEY `id` (`id`),
  KEY `clang_id` (`clang_id`),
  KEY `parent_id` (`parent_id`)
) ENGINE=InnoDB AUTO_INCREMENT=23 DEFAULT CHARSET=utf8mb4 COLLATE=utf8mb4_unicode_ci;

LOCK TABLES `rex_article` WRITE;
/*!40000 ALTER TABLE `rex_article` DISABLE KEYS */;
INSERT INTO `rex_article` VALUES 
  (1,1,0,'Fullpage-Demo','Fullpage-Demo',1,1,1,'|',1,1,1,'2022-01-14 20:15:05','admin','2022-02-15 00:35:45','admin',0,'Fullpage-Demo für das REDAXO CMS','Fullpage-Demo, REDAXO CMS, fullpage.js','Fullpage-Demo mit fullpage.js für das REDAXO CMS','','','','#eee','','','||','|true|','',''),
  (2,2,0,'Über diese Demo','Über diese Demo',2,1,1,'|',1,1,1,'2022-01-14 20:15:05','admin','2022-02-14 23:23:11','admin',0,'','','','','','','','','','||','||','',''),
  (3,3,0,'Addon-Einstellungen','Addon-Einstellungen',3,1,1,'|',1,1,1,'2022-01-14 20:15:05','admin','2022-02-11 21:54:22','admin',0,'','','','','','','','','','||','||','',''),
  (4,4,0,'Artikel / Kategorien','Artikel / Kategorien',4,1,1,'|',1,1,1,'2022-01-14 20:15:05','admin','2022-02-14 23:52:57','admin',0,'','','','','','','','','','||','||','',''),
  (5,5,0,'Inhaltselemente','Inhaltselemente',5,1,1,'|',1,1,1,'2022-01-14 20:15:05','admin','2022-02-12 21:58:53','admin',0,'','','','','','','','','','||','||','',''),
  (6,6,0,'Informationen','Informationen',6,1,1,'|',1,1,1,'2022-01-14 20:15:05','admin','2022-02-14 01:42:44','admin',0,'','','','','','','','','','||','||','',''),
  (7,7,0,'404','',0,0,1,'|',1,6,1,'2022-01-14 20:15:05','admin','2022-02-15 21:30:39','admin',0,'','','','','','','','','','','','',''),
  (8,8,0,'Download','',0,0,2,'|',1,5,1,'2022-01-14 20:15:05','admin','2022-01-14 20:15:05','admin',0,'','','','','','','','','','','','',''),
  (9,9,13,'Beispiel Download-Modul','Testseite',0,0,4,'|13|',1,1,1,'2022-01-14 20:15:05','admin','2022-02-14 02:28:38','admin',0,'','','','','','jr-korpa-hu2xnqkkecq-unsplash.jpg','#fc0','','','','','',''),
  (10,10,13,'Beispiel Galerie-Modul','Testseite',0,0,2,'|13|',1,1,1,'2022-01-14 20:15:05','admin','2022-02-13 22:13:48','admin',0,'','','','','','','','','','','','',''),
  (11,11,13,'Beispiele Textmodule','Beispiele Textmodule',1,1,1,'|13|',1,1,1,'2022-01-14 20:15:05','admin','2022-02-14 02:52:40','admin',0,'','','','','','','','','','||','||','',''),
  (12,12,11,'Beispiele Textmodule 2','Beispiele Textmodule',0,0,2,'|13|11|',1,1,1,'2022-01-14 20:15:05','admin','2022-02-14 02:53:28','admin',0,'','','','','','','rgba(84, 42, 42, .3)','','','||','||','',''),
  (13,13,0,'Testseite','Testseite',7,1,1,'|',1,1,1,'2022-01-14 20:15:05','admin','2022-02-13 22:13:48','admin',0,'','','','','','','','','','||','||','',''),
  (16,14,13,'Beispiele UIkit-Elemente','Beispiele UIkit-Elemente',2,1,1,'|13|',1,1,1,'2022-01-14 20:15:05','admin','2022-02-11 20:54:22','admin',0,NULL,NULL,NULL,NULL,NULL,'',NULL,'','','||','||','',''),
  (17,15,13,'Hintergrundvideo','Testseite',0,0,3,'|13|',1,1,1,'2022-01-14 20:15:05','admin','2022-02-16 23:31:29','admin',0,'','','','','','','','','','||','||','waves.mp4',''),
  (18,16,14,'Beispiele UIkit-Elemente 3','Beispiele UIkit-Elemente',0,0,3,'|13|14|',0,1,1,'2022-01-14 20:15:05','admin','2022-02-14 00:13:26','admin',0,NULL,NULL,NULL,NULL,NULL,'',NULL,'',NULL,'','','',''),
  (19,17,14,'Beispiele UIkit-Elemente 2','Beispiele UIkit-Elemente',0,0,2,'|13|14|',1,1,1,'2022-02-11 20:54:10','admin','2022-02-11 21:00:09','admin',0,NULL,NULL,NULL,NULL,NULL,'',NULL,'',NULL,'','','',''),
  (20,18,13,'Sonstige Beispiele','Sonstige Beispiele',3,1,1,'|13|',1,1,1,'2022-02-11 21:03:25','admin','2022-02-15 23:56:59','admin',0,NULL,NULL,NULL,NULL,NULL,'',NULL,'','','||','||','',''),
  (21,19,6,'Fotos und Videos','Informationen',0,0,2,'|6|',1,1,1,'2022-02-13 01:01:19','admin','2022-02-14 01:31:42','admin',0,NULL,NULL,NULL,NULL,NULL,'',NULL,'',NULL,'','','',''),
  (22,20,18,'Video','Sonstige Beispiele',0,0,2,'|13|18|',1,1,1,'2022-02-16 23:31:40','admin','2022-02-16 23:51:07','admin',0,NULL,NULL,NULL,NULL,NULL,'',NULL,'',NULL,'','','','');
/*!40000 ALTER TABLE `rex_article` ENABLE KEYS */;
UNLOCK TABLES;

DROP TABLE IF EXISTS `rex_article_slice`;
CREATE TABLE `rex_article_slice` (
  `id` int(10) unsigned NOT NULL AUTO_INCREMENT,
  `article_id` int(10) unsigned NOT NULL,
  `clang_id` int(10) unsigned NOT NULL,
  `ctype_id` int(10) unsigned NOT NULL,
  `module_id` int(10) unsigned NOT NULL,
  `revision` int(11) NOT NULL,
  `priority` int(10) unsigned NOT NULL,
  `status` tinyint(1) NOT NULL DEFAULT 1,
  `value1` mediumtext COLLATE utf8mb4_unicode_ci DEFAULT NULL,
  `value2` mediumtext COLLATE utf8mb4_unicode_ci DEFAULT NULL,
  `value3` mediumtext COLLATE utf8mb4_unicode_ci DEFAULT NULL,
  `value4` mediumtext COLLATE utf8mb4_unicode_ci DEFAULT NULL,
  `value5` mediumtext COLLATE utf8mb4_unicode_ci DEFAULT NULL,
  `value6` mediumtext COLLATE utf8mb4_unicode_ci DEFAULT NULL,
  `value7` mediumtext COLLATE utf8mb4_unicode_ci DEFAULT NULL,
  `value8` mediumtext COLLATE utf8mb4_unicode_ci DEFAULT NULL,
  `value9` mediumtext COLLATE utf8mb4_unicode_ci DEFAULT NULL,
  `value10` mediumtext COLLATE utf8mb4_unicode_ci DEFAULT NULL,
  `value11` mediumtext COLLATE utf8mb4_unicode_ci DEFAULT NULL,
  `value12` mediumtext COLLATE utf8mb4_unicode_ci DEFAULT NULL,
  `value13` mediumtext COLLATE utf8mb4_unicode_ci DEFAULT NULL,
  `value14` mediumtext COLLATE utf8mb4_unicode_ci DEFAULT NULL,
  `value15` mediumtext COLLATE utf8mb4_unicode_ci DEFAULT NULL,
  `value16` mediumtext COLLATE utf8mb4_unicode_ci DEFAULT NULL,
  `value17` mediumtext COLLATE utf8mb4_unicode_ci DEFAULT NULL,
  `value18` mediumtext COLLATE utf8mb4_unicode_ci DEFAULT NULL,
  `value19` mediumtext COLLATE utf8mb4_unicode_ci DEFAULT NULL,
  `value20` mediumtext COLLATE utf8mb4_unicode_ci DEFAULT NULL,
  `media1` varchar(255) COLLATE utf8mb4_unicode_ci DEFAULT NULL,
  `media2` varchar(255) COLLATE utf8mb4_unicode_ci DEFAULT NULL,
  `media3` varchar(255) COLLATE utf8mb4_unicode_ci DEFAULT NULL,
  `media4` varchar(255) COLLATE utf8mb4_unicode_ci DEFAULT NULL,
  `media5` varchar(255) COLLATE utf8mb4_unicode_ci DEFAULT NULL,
  `media6` varchar(255) COLLATE utf8mb4_unicode_ci DEFAULT NULL,
  `media7` varchar(255) COLLATE utf8mb4_unicode_ci DEFAULT NULL,
  `media8` varchar(255) COLLATE utf8mb4_unicode_ci DEFAULT NULL,
  `media9` varchar(255) COLLATE utf8mb4_unicode_ci DEFAULT NULL,
  `media10` varchar(255) COLLATE utf8mb4_unicode_ci DEFAULT NULL,
  `medialist1` text COLLATE utf8mb4_unicode_ci DEFAULT NULL,
  `medialist2` text COLLATE utf8mb4_unicode_ci DEFAULT NULL,
  `medialist3` text COLLATE utf8mb4_unicode_ci DEFAULT NULL,
  `medialist4` text COLLATE utf8mb4_unicode_ci DEFAULT NULL,
  `medialist5` text COLLATE utf8mb4_unicode_ci DEFAULT NULL,
  `medialist6` text COLLATE utf8mb4_unicode_ci DEFAULT NULL,
  `medialist7` text COLLATE utf8mb4_unicode_ci DEFAULT NULL,
  `medialist8` text COLLATE utf8mb4_unicode_ci DEFAULT NULL,
  `medialist9` text COLLATE utf8mb4_unicode_ci DEFAULT NULL,
  `medialist10` text COLLATE utf8mb4_unicode_ci DEFAULT NULL,
  `link1` varchar(10) COLLATE utf8mb4_unicode_ci DEFAULT NULL,
  `link2` varchar(10) COLLATE utf8mb4_unicode_ci DEFAULT NULL,
  `link3` varchar(10) COLLATE utf8mb4_unicode_ci DEFAULT NULL,
  `link4` varchar(10) COLLATE utf8mb4_unicode_ci DEFAULT NULL,
  `link5` varchar(10) COLLATE utf8mb4_unicode_ci DEFAULT NULL,
  `link6` varchar(10) COLLATE utf8mb4_unicode_ci DEFAULT NULL,
  `link7` varchar(10) COLLATE utf8mb4_unicode_ci DEFAULT NULL,
  `link8` varchar(10) COLLATE utf8mb4_unicode_ci DEFAULT NULL,
  `link9` varchar(10) COLLATE utf8mb4_unicode_ci DEFAULT NULL,
  `link10` varchar(10) COLLATE utf8mb4_unicode_ci DEFAULT NULL,
  `linklist1` text COLLATE utf8mb4_unicode_ci DEFAULT NULL,
  `linklist2` text COLLATE utf8mb4_unicode_ci DEFAULT NULL,
  `linklist3` text COLLATE utf8mb4_unicode_ci DEFAULT NULL,
  `linklist4` text COLLATE utf8mb4_unicode_ci DEFAULT NULL,
  `linklist5` text COLLATE utf8mb4_unicode_ci DEFAULT NULL,
  `linklist6` text COLLATE utf8mb4_unicode_ci DEFAULT NULL,
  `linklist7` text COLLATE utf8mb4_unicode_ci DEFAULT NULL,
  `linklist8` text COLLATE utf8mb4_unicode_ci DEFAULT NULL,
  `linklist9` text COLLATE utf8mb4_unicode_ci DEFAULT NULL,
  `linklist10` text COLLATE utf8mb4_unicode_ci DEFAULT NULL,
  `createdate` datetime NOT NULL,
  `createuser` varchar(255) COLLATE utf8mb4_unicode_ci NOT NULL,
  `updatedate` datetime NOT NULL,
  `updateuser` varchar(255) COLLATE utf8mb4_unicode_ci NOT NULL,
  PRIMARY KEY (`id`),
  KEY `slice_priority` (`article_id`,`priority`,`module_id`),
  KEY `clang_id` (`clang_id`),
  KEY `article_id` (`article_id`),
  KEY `find_slices` (`clang_id`,`article_id`)
) ENGINE=InnoDB AUTO_INCREMENT=94 DEFAULT CHARSET=utf8mb4 COLLATE=utf8mb4_unicode_ci;

LOCK TABLES `rex_article_slice` WRITE;
/*!40000 ALTER TABLE `rex_article_slice` DISABLE KEYS */;
INSERT INTO `rex_article_slice` VALUES 
  (18,1,1,1,3,0,3,1,NULL,NULL,NULL,NULL,NULL,NULL,NULL,NULL,NULL,NULL,NULL,NULL,NULL,NULL,NULL,NULL,NULL,NULL,NULL,NULL,'screen01.png',NULL,NULL,NULL,NULL,NULL,NULL,NULL,NULL,NULL,NULL,NULL,NULL,NULL,NULL,NULL,NULL,NULL,NULL,NULL,NULL,NULL,NULL,NULL,NULL,NULL,NULL,NULL,NULL,NULL,NULL,NULL,NULL,NULL,NULL,NULL,NULL,NULL,NULL,NULL,'2022-01-14 20:15:05','admin','2022-01-14 20:15:05','admin'),
  (19,1,1,1,1,0,1,1,NULL,NULL,NULL,NULL,NULL,NULL,NULL,NULL,NULL,'Fullpage-Demo','h1',NULL,NULL,NULL,NULL,NULL,NULL,NULL,NULL,NULL,NULL,NULL,NULL,NULL,NULL,NULL,NULL,NULL,NULL,NULL,NULL,NULL,NULL,NULL,NULL,NULL,NULL,NULL,NULL,NULL,NULL,NULL,NULL,NULL,NULL,NULL,NULL,NULL,NULL,NULL,NULL,NULL,NULL,NULL,NULL,NULL,NULL,NULL,NULL,NULL,'2022-01-14 20:15:05','admin','2022-01-14 20:15:05','admin'),
  (21,1,1,1,1,0,2,1,NULL,NULL,NULL,NULL,NULL,NULL,NULL,NULL,NULL,'für das REDAXO CMS','h1',NULL,NULL,NULL,NULL,NULL,NULL,NULL,NULL,NULL,NULL,NULL,NULL,NULL,NULL,NULL,NULL,NULL,NULL,NULL,NULL,NULL,NULL,NULL,NULL,NULL,NULL,NULL,NULL,NULL,NULL,NULL,NULL,NULL,NULL,NULL,NULL,NULL,NULL,NULL,NULL,NULL,NULL,NULL,NULL,NULL,NULL,NULL,NULL,NULL,'2022-01-14 20:15:05','admin','2022-01-14 20:15:05','admin'),
  (24,3,1,1,2,0,1,1,'Über die Addon-Einstellungen können einige Parameter für die optische Darstellung und Funktionalität der Webseite geändert werden.\r\n\r\nzum Beispiel ...\r\n* Theme und Logo\r\n* Scrollverhalten der Website\r\n* zusätzliche Navigationen (Navi-Dots)\r\n* Scrollgeschwindigkeit usw.','','Mit dem Addon werden automatisch vier verschiedene Themes ausgeliefert.\r\n\r\nSie unterscheiden sich durch unterschiedliche CSS-Definitionen, Bilder und JavaScript-Effekte.\r\n\r\nDie Themes können als Basis für ein eigenes Theme verwendet werden.',NULL,NULL,NULL,NULL,NULL,'3','Addon-Einstellungen','h2',NULL,NULL,NULL,NULL,NULL,NULL,NULL,NULL,NULL,'','screenshot_addon_settings.png','',NULL,NULL,NULL,NULL,NULL,NULL,NULL,NULL,NULL,NULL,NULL,NULL,NULL,NULL,NULL,NULL,NULL,NULL,NULL,NULL,NULL,NULL,NULL,NULL,NULL,NULL,NULL,NULL,NULL,NULL,NULL,NULL,NULL,NULL,NULL,NULL,NULL,'2022-01-14 20:15:05','admin','2022-02-11 21:54:22','admin'),
  (29,5,1,1,2,0,1,1,'','Die Fullpage-Demo bringt einige Basis-Module für die Inhalte mit.\r\n\r\n* Headline\r\n* Text mit Bild (1-3 Spalten)\r\n* Zentrierter Text (1 - 3 Spalten)\r\n* Bild in voller Größe\r\n* Bildergalerie\r\n* Video\r\n* Scrolldown/Scrollup-Arrow\r\n* Download\r\n','',NULL,NULL,NULL,NULL,NULL,'2','Inhaltselemente','h2',NULL,NULL,NULL,NULL,NULL,NULL,NULL,NULL,NULL,'screenshot_module.png','','',NULL,NULL,NULL,NULL,NULL,NULL,NULL,NULL,NULL,NULL,NULL,NULL,NULL,NULL,NULL,NULL,NULL,NULL,NULL,NULL,NULL,NULL,NULL,NULL,NULL,NULL,NULL,NULL,NULL,NULL,NULL,NULL,NULL,NULL,NULL,NULL,NULL,'2022-01-14 20:15:05','admin','2022-02-11 21:56:29','admin'),
  (37,7,1,1,1,0,1,1,'','','','','','','','','','Error 404','h1','','','','','','','','','','','','','','','','','','','','','','','','','','','','','','','','','','','','','','','','','','','','','','','','','','2022-01-14 20:15:05','admin','2022-01-14 20:15:05','admin'),
  (38,7,1,1,2,0,2,1,'File not found!','','','','','','','','1','','h1','','','','','','','','','','','','','','','','','','','','','','','','','','','','','','','','','','','','','','','','','','','','','','','','','','2022-01-14 20:15:05','admin','2022-01-14 20:15:05','admin'),
  (39,9,1,1,1,0,1,1,NULL,NULL,NULL,NULL,NULL,NULL,NULL,NULL,NULL,'Downloads','h2',NULL,NULL,NULL,NULL,NULL,NULL,NULL,NULL,NULL,NULL,NULL,NULL,NULL,NULL,NULL,NULL,NULL,NULL,NULL,NULL,NULL,NULL,NULL,NULL,NULL,NULL,NULL,NULL,NULL,NULL,NULL,NULL,NULL,NULL,NULL,NULL,NULL,NULL,NULL,NULL,NULL,NULL,NULL,NULL,NULL,NULL,NULL,NULL,NULL,'2022-01-14 20:15:05','admin','2022-01-14 20:15:05','admin'),
  (40,10,1,1,1,0,1,1,NULL,NULL,NULL,NULL,NULL,NULL,NULL,NULL,NULL,'Bildergalerie','h2',NULL,NULL,NULL,NULL,NULL,NULL,NULL,NULL,NULL,NULL,NULL,NULL,NULL,NULL,NULL,NULL,NULL,NULL,NULL,NULL,NULL,NULL,NULL,NULL,NULL,NULL,NULL,NULL,NULL,NULL,NULL,NULL,NULL,NULL,NULL,NULL,NULL,NULL,NULL,NULL,NULL,NULL,NULL,NULL,NULL,NULL,NULL,NULL,NULL,'2022-01-14 20:15:05','admin','2022-02-11 20:20:13','admin'),
  (41,11,1,1,1,0,1,1,NULL,NULL,NULL,NULL,NULL,NULL,NULL,NULL,NULL,'Beispiele Textmodule','h2',NULL,NULL,NULL,NULL,NULL,NULL,NULL,NULL,NULL,NULL,NULL,NULL,NULL,NULL,NULL,NULL,NULL,NULL,NULL,NULL,NULL,NULL,NULL,NULL,NULL,NULL,NULL,NULL,NULL,NULL,NULL,NULL,NULL,NULL,NULL,NULL,NULL,NULL,NULL,NULL,NULL,NULL,NULL,NULL,NULL,NULL,NULL,NULL,NULL,'2022-01-14 20:15:05','admin','2022-02-11 20:44:20','admin'),
  (42,12,1,1,1,0,1,1,NULL,NULL,NULL,NULL,NULL,NULL,NULL,NULL,NULL,'Beispiele Textmodule','h2',NULL,NULL,NULL,NULL,NULL,NULL,NULL,NULL,NULL,NULL,NULL,NULL,NULL,NULL,NULL,NULL,NULL,NULL,NULL,NULL,NULL,NULL,NULL,NULL,NULL,NULL,NULL,NULL,NULL,NULL,NULL,NULL,NULL,NULL,NULL,NULL,NULL,NULL,NULL,NULL,NULL,NULL,NULL,NULL,NULL,NULL,NULL,NULL,NULL,'2022-01-14 20:15:05','admin','2022-02-11 20:45:12','admin'),
  (44,9,1,1,6,0,2,1,NULL,'','h2',NULL,NULL,NULL,NULL,NULL,NULL,NULL,NULL,NULL,NULL,NULL,NULL,NULL,NULL,NULL,NULL,NULL,NULL,NULL,NULL,NULL,NULL,NULL,NULL,NULL,NULL,NULL,'pdf-testdatei.pdf,word-testdatei.doc,zip-testdatei.zip,logo.svg,screen01.png,waves.mp4',NULL,NULL,NULL,NULL,NULL,NULL,NULL,NULL,NULL,NULL,NULL,NULL,NULL,NULL,NULL,NULL,NULL,NULL,NULL,NULL,NULL,NULL,NULL,NULL,NULL,NULL,NULL,NULL,NULL,'2022-01-14 20:15:05','admin','2022-02-14 02:28:38','admin'),
  (46,2,1,1,2,0,1,1,'Die Fullpage-Demo für REDAXO demonstriert eine sogenannte **Onepage-Website** oder auch **Onepager**.\r\n\r\nAlle Inhalte werden auf *einer* Webseite in *Fullpage-Slides* dargestellt und beim scrollen wird direkt zum nächsten *Slide* gescrollt.\r\n\r\nDie Inhalte werden aus den Artikeln der Kategorien zu den einzelnen *Slides* der Website zusammengesetzt. Die Navigation wird automatisch generiert.','','',NULL,NULL,NULL,NULL,NULL,'2','Über diese Demo','h2',NULL,NULL,NULL,NULL,NULL,NULL,NULL,NULL,NULL,'','screenshot_struktur.png','',NULL,NULL,NULL,NULL,NULL,NULL,NULL,NULL,NULL,NULL,NULL,NULL,NULL,NULL,NULL,NULL,NULL,NULL,NULL,NULL,NULL,NULL,NULL,NULL,NULL,NULL,NULL,NULL,NULL,NULL,NULL,NULL,NULL,NULL,NULL,NULL,NULL,'2022-01-14 20:15:05','admin','2022-01-14 20:15:05','admin'),
  (47,4,1,1,2,0,1,1,'Die Root-Kategorien und ihre Startartikel werden automatisch als Slides der Webseite zusammengesetzt.\r\n\r\nDie Namen der Kategorien werden für die automatisch generierte Navigation verwendet.\r\n\r\nKategorien können über die Metadaten aus der Navigation ausgeblendet werden.','','Sind mehrere Artikel in einer Kategorie vorhanden werden diese automatisch als *horizontale* Slides ausgegeben.\r\n\r\nÜber die Addon-Einstellungen können auch Unterkategorien und ihre Artikel als *horizontale* Slides ausgegeben werden.',NULL,NULL,NULL,NULL,NULL,'3','Artikel / Kategorien','h2',NULL,NULL,NULL,NULL,NULL,NULL,NULL,NULL,NULL,'','screenshot_metainfo.png','',NULL,NULL,NULL,NULL,NULL,NULL,NULL,NULL,NULL,NULL,NULL,NULL,NULL,NULL,NULL,NULL,NULL,NULL,NULL,NULL,NULL,NULL,NULL,NULL,NULL,NULL,NULL,NULL,NULL,NULL,NULL,NULL,NULL,NULL,NULL,NULL,NULL,'2022-01-14 20:15:05','admin','2022-02-14 01:46:51','admin'),
  (48,6,1,1,2,0,1,1,'Die Fullpage-Demo für REDAXO ist völlig frei verwendbar, sowohl für private als auch für kommerzielle Projekte!\r\n\r\nAddon und Themes von **Andreas Eberhard** https://aesoft.de\r\nzu finden bei **github** https://github.com/FriendsOfREDAXO/demo_fullpage\r\nfür **FriendsOfREDAXO** https://friendsofredaxo.github.io/info\r\n\r\nBugs und Anregungen zur Demo bitte direkt auf github melden\r\nhttps://github.com/FriendsOfREDAXO/demo_fullpage/issues\r\n\r\n**Vielen Dank an:**\r\nJan Kristinus, Thomas Blum, Gregor Harlan, Peter Bickel, Dirk Schürjohann, FriendsOfREDAXO ...','','',NULL,NULL,NULL,NULL,NULL,'1','Informationen zur Fullpage-Demo','h2',NULL,NULL,NULL,NULL,NULL,NULL,NULL,NULL,NULL,'','','',NULL,NULL,NULL,NULL,NULL,NULL,NULL,NULL,NULL,NULL,NULL,NULL,NULL,NULL,NULL,NULL,NULL,NULL,NULL,NULL,NULL,NULL,NULL,NULL,NULL,NULL,NULL,NULL,NULL,NULL,NULL,NULL,NULL,NULL,NULL,NULL,NULL,'2022-01-14 20:15:05','admin','2022-02-14 01:42:44','admin'),
  (49,13,1,1,2,0,2,1,'Hier noch eine Testseite mit *horizontalen* Slides. Alle Artikel dieser Kategorie werden als eigene Slides ausgegeben.\r\nDie Artikel der Unterkategorien werden je nach Addon-Einstellung auch als *horizontale* Slides ausgegeben.\r\n\r\nFür alle Slides wird automatisch das Hintergrundbild dieser Kategorie übernommen. \r\nFür jeden einzelnen Slide können über die Meta-Daten folgende Werte angepasst werden:\r\n* Hintergrundfarbe\r\n* Hintergrundbild\r\n* Hintergrund-Video','','',NULL,NULL,NULL,NULL,NULL,'2','Testseite','h2',NULL,NULL,NULL,NULL,NULL,NULL,NULL,NULL,NULL,'','screenshot_struktur_testseite.png','',NULL,NULL,NULL,NULL,NULL,NULL,NULL,NULL,NULL,NULL,NULL,NULL,NULL,NULL,NULL,NULL,NULL,NULL,NULL,NULL,NULL,NULL,NULL,NULL,NULL,NULL,NULL,NULL,NULL,NULL,NULL,NULL,NULL,NULL,NULL,NULL,NULL,'2022-01-14 20:15:05','admin','2022-02-11 22:00:42','admin'),
  (50,10,1,1,4,0,2,1,NULL,NULL,NULL,NULL,NULL,NULL,NULL,NULL,NULL,NULL,NULL,NULL,NULL,NULL,NULL,NULL,NULL,NULL,NULL,NULL,NULL,NULL,NULL,NULL,NULL,NULL,NULL,NULL,NULL,NULL,'brigitte-tohm-lbdntcejzqs-unsplash.jpg,gian-cescon-gxq13mxlthq-unsplash.jpg,fahmi-fakhrudin-nzyzausbv0m-unsplash.jpg,nathan-dumlao-6vhpy27jdps-unsplash.jpg,tyler-nix-wvexctg7oxy-unsplash.jpg,bruno-emmanuelle-yh7mgnighrs-unsplash.jpg',NULL,NULL,NULL,NULL,NULL,NULL,NULL,NULL,NULL,NULL,NULL,NULL,NULL,NULL,NULL,NULL,NULL,NULL,NULL,NULL,NULL,NULL,NULL,NULL,NULL,NULL,NULL,NULL,NULL,'2022-01-14 20:15:05','admin','2022-02-13 13:09:23','admin'),
  (55,11,1,1,7,0,2,1,'Lorem ipsum dolor sit amet, consectetur adipisicing elit.\r\n\r\nLorem ipsum dolor sit amet, consectetur adipisicing elit.\r\n\r\nLorem ipsum dolor sit amet, consectetur adipisicing elit.','Lorem ipsum dolor sit amet, consectetur adipisicing elit.\r\n','Lorem ipsum dolor sit amet, consectetur adipisicing elit.\r\n\r\nLorem ipsum dolor sit amet, consectetur adipisicing elit.',NULL,NULL,NULL,NULL,NULL,'3','3x zentrierter Text','h3',NULL,NULL,NULL,NULL,NULL,NULL,NULL,NULL,NULL,NULL,NULL,NULL,NULL,NULL,NULL,NULL,NULL,NULL,NULL,NULL,NULL,NULL,NULL,NULL,NULL,NULL,NULL,NULL,NULL,NULL,NULL,NULL,NULL,NULL,NULL,NULL,NULL,NULL,NULL,NULL,NULL,NULL,NULL,NULL,NULL,NULL,NULL,NULL,NULL,'2022-01-14 20:15:05','admin','2022-02-14 02:52:40','admin'),
  (56,12,1,1,7,0,3,1,'Lorem ipsum dolor sit amet, consectetur adipisicing elit.','Lorem ipsum dolor sit amet, consectetur adipisicing elit.\r\n\r\nLorem ipsum dolor sit amet, consectetur adipisicing elit.','',NULL,NULL,NULL,NULL,NULL,'2','2x zentrierter Text','h2',NULL,NULL,NULL,NULL,NULL,NULL,NULL,NULL,NULL,NULL,NULL,NULL,NULL,NULL,NULL,NULL,NULL,NULL,NULL,NULL,NULL,NULL,NULL,NULL,NULL,NULL,NULL,NULL,NULL,NULL,NULL,NULL,NULL,NULL,NULL,NULL,NULL,NULL,NULL,NULL,NULL,NULL,NULL,NULL,NULL,NULL,NULL,NULL,NULL,'2022-01-14 20:15:05','admin','2022-02-14 02:53:28','admin'),
  (57,12,1,1,7,0,2,1,'**Dieser horizontale Slide hat eine eigene Hintergrundfarbe in den Meta-Daten!**','','',NULL,NULL,NULL,NULL,NULL,'1','1x zentrierter Text','h2',NULL,NULL,NULL,NULL,NULL,NULL,NULL,NULL,NULL,NULL,NULL,NULL,NULL,NULL,NULL,NULL,NULL,NULL,NULL,NULL,NULL,NULL,NULL,NULL,NULL,NULL,NULL,NULL,NULL,NULL,NULL,NULL,NULL,NULL,NULL,NULL,NULL,NULL,NULL,NULL,NULL,NULL,NULL,NULL,NULL,NULL,NULL,NULL,NULL,'2022-01-14 20:15:05','admin','2022-02-11 20:44:37','admin'),
  (59,9,1,1,7,0,3,1,'**Dieser horizontale Slide hat über die Meta-Daten ein eigenes Hintergrundbild aus dem Medienpool!**','','',NULL,NULL,NULL,NULL,NULL,'1','','h1',NULL,NULL,NULL,NULL,NULL,NULL,NULL,NULL,NULL,NULL,NULL,NULL,NULL,NULL,NULL,NULL,NULL,NULL,NULL,NULL,NULL,NULL,NULL,NULL,NULL,NULL,NULL,NULL,NULL,NULL,NULL,NULL,NULL,NULL,NULL,NULL,NULL,NULL,NULL,NULL,NULL,NULL,NULL,NULL,NULL,NULL,NULL,NULL,NULL,'2022-01-14 20:15:05','admin','2022-01-14 20:15:05','admin'),
  (63,1,1,1,5,0,4,1,NULL,NULL,NULL,NULL,NULL,NULL,NULL,NULL,NULL,NULL,'down',NULL,NULL,NULL,NULL,NULL,NULL,NULL,NULL,NULL,NULL,NULL,NULL,NULL,NULL,NULL,NULL,NULL,NULL,NULL,NULL,NULL,NULL,NULL,NULL,NULL,NULL,NULL,NULL,NULL,NULL,NULL,NULL,NULL,NULL,NULL,NULL,NULL,NULL,NULL,NULL,NULL,NULL,NULL,NULL,NULL,NULL,NULL,NULL,NULL,'2022-01-14 20:15:05','admin','2022-01-14 20:15:05','admin'),
  (65,13,1,1,5,0,1,0,NULL,NULL,NULL,NULL,NULL,NULL,NULL,NULL,NULL,NULL,'up',NULL,NULL,NULL,NULL,NULL,NULL,NULL,NULL,NULL,NULL,NULL,NULL,NULL,NULL,NULL,NULL,NULL,NULL,NULL,NULL,NULL,NULL,NULL,NULL,NULL,NULL,NULL,NULL,NULL,NULL,NULL,NULL,NULL,NULL,NULL,NULL,NULL,NULL,NULL,NULL,NULL,NULL,NULL,NULL,NULL,NULL,NULL,NULL,NULL,'2022-01-14 20:15:05','admin','2022-01-14 20:15:05','admin'),
  (72,14,1,1,8,0,3,1,'<div class=\"uk-child-width-1-2@s uk-text-center\" uk-grid>\r\n    <div>\r\n        <div class=\"uk-background-default uk-padding uk-panel\">\r\n            <p class=\"uk-h4\">uk-background-default</p>\r\n        </div>\r\n    </div>\r\n    <div>\r\n        <div class=\"uk-background-muted uk-padding uk-panel\">\r\n            <p class=\"uk-h4\">uk-background-muted</p>\r\n        </div>\r\n    </div>\r\n    <div>\r\n        <div class=\"uk-background-primary uk-light uk-padding uk-panel\">\r\n            <p class=\"uk-h4\">uk-background-primary</p>\r\n        </div>\r\n    </div>\r\n    <div>\r\n        <div class=\"uk-background-secondary uk-light uk-padding uk-panel\">\r\n            <p class=\"uk-h4\">uk-background-secondary</p>\r\n        </div>\r\n    </div>\r\n</div>',NULL,NULL,NULL,NULL,NULL,NULL,NULL,NULL,NULL,NULL,NULL,NULL,NULL,NULL,NULL,NULL,NULL,NULL,NULL,NULL,NULL,NULL,NULL,NULL,NULL,NULL,NULL,NULL,NULL,NULL,NULL,NULL,NULL,NULL,NULL,NULL,NULL,NULL,NULL,NULL,NULL,NULL,NULL,NULL,NULL,NULL,NULL,NULL,NULL,NULL,NULL,NULL,NULL,NULL,NULL,NULL,NULL,NULL,NULL,'2022-01-14 20:15:05','admin','2022-01-14 20:15:05','admin'),
  (73,14,1,1,1,0,1,1,NULL,NULL,NULL,NULL,NULL,NULL,NULL,NULL,NULL,'Beispiele UIkit-Elemente','h2',NULL,NULL,NULL,NULL,NULL,NULL,NULL,NULL,NULL,NULL,NULL,NULL,NULL,NULL,NULL,NULL,NULL,NULL,NULL,NULL,NULL,NULL,NULL,NULL,NULL,NULL,NULL,NULL,NULL,NULL,NULL,NULL,NULL,NULL,NULL,NULL,NULL,NULL,NULL,NULL,NULL,NULL,NULL,NULL,NULL,NULL,NULL,NULL,NULL,'2022-01-14 20:15:05','admin','2022-02-11 20:45:49','admin'),
  (75,14,1,1,8,0,2,1,'<div class=\"pictext uk-padding uk-margin-bottom\">\r\n<div>\r\n    <button class=\"uk-button uk-button-default\">Default</button>\r\n    <button class=\"uk-button uk-button-primary\">Primary</button>\r\n    <button class=\"uk-button uk-button-secondary\">Secondary</button>\r\n    <button class=\"uk-button uk-button-danger\">Danger</button>\r\n    <button class=\"uk-button uk-button-text\">Text</button>\r\n    <button class=\"uk-button uk-button-link\">Link</button>\r\n</div>\r\n</div>',NULL,NULL,NULL,NULL,NULL,NULL,NULL,NULL,NULL,NULL,NULL,NULL,NULL,NULL,NULL,NULL,NULL,NULL,NULL,NULL,NULL,NULL,NULL,NULL,NULL,NULL,NULL,NULL,NULL,NULL,NULL,NULL,NULL,NULL,NULL,NULL,NULL,NULL,NULL,NULL,NULL,NULL,NULL,NULL,NULL,NULL,NULL,NULL,NULL,NULL,NULL,NULL,NULL,NULL,NULL,NULL,NULL,NULL,NULL,'2022-01-14 20:15:05','admin','2022-02-11 20:51:05','admin'),
  (80,15,1,1,2,0,1,1,'**Ein horizontaler Slide mit Hintergrundvideo.**\r\n\r\nHintergrundvideos werden automatisch, ohne Ton und in Endlosschleife abgespielt.\r\nBeim verlassen des Slides wird das Video gestoppt, beim anzeigen des Slides wieder automatisch gestartet. ','','',NULL,NULL,NULL,NULL,NULL,'1','Hintergrundvideo','h2',NULL,NULL,NULL,NULL,NULL,NULL,NULL,NULL,NULL,'','','',NULL,NULL,NULL,NULL,NULL,NULL,NULL,NULL,NULL,NULL,NULL,NULL,NULL,NULL,NULL,NULL,NULL,NULL,NULL,NULL,NULL,NULL,NULL,NULL,NULL,NULL,NULL,NULL,NULL,NULL,NULL,NULL,NULL,NULL,NULL,NULL,NULL,'2022-01-14 20:15:05','admin','2022-02-11 21:05:40','admin'),
  (86,17,1,1,8,0,2,1,'<div class=\"uk-child-width-1-2@s uk-grid-match\" uk-grid>\r\n    <div>\r\n        <div class=\"uk-card uk-card-hover uk-card-body\">\r\n            <h3 class=\"uk-card-title\">uk-card-hover</h3>\r\n            <p>Lorem ipsum dolor sit amet, consectetur adipisicing elit.</p>\r\n        </div>\r\n    </div>\r\n    <div>\r\n        <div class=\"uk-card uk-card-default uk-card-hover uk-card-body\">\r\n            <h3 class=\"uk-card-title\">uk-card-default</h3>\r\n            <p>Lorem ipsum dolor sit amet, consectetur adipisicing elit.</p>\r\n        </div>\r\n    </div>\r\n    <div>\r\n        <div class=\"uk-card uk-card-primary uk-card-hover uk-card-body uk-light\">\r\n            <h3 class=\"uk-card-title\">uk-card-primary</h3>\r\n            <p>Lorem ipsum dolor sit amet, consectetur adipisicing elit.</p>\r\n        </div>\r\n    </div>\r\n    <div>\r\n        <div class=\"uk-card uk-card-secondary uk-card-hover uk-card-body uk-light\">\r\n            <h3 class=\"uk-card-title\">uk-card-secondary</h3>\r\n            <p>Lorem ipsum dolor sit amet, consectetur adipisicing elit.</p>\r\n        </div>\r\n    </div>\r\n</div>',NULL,NULL,NULL,NULL,NULL,NULL,NULL,NULL,NULL,NULL,NULL,NULL,NULL,NULL,NULL,NULL,NULL,NULL,NULL,NULL,NULL,NULL,NULL,NULL,NULL,NULL,NULL,NULL,NULL,NULL,NULL,NULL,NULL,NULL,NULL,NULL,NULL,NULL,NULL,NULL,NULL,NULL,NULL,NULL,NULL,NULL,NULL,NULL,NULL,NULL,NULL,NULL,NULL,NULL,NULL,NULL,NULL,NULL,NULL,'2022-02-11 20:54:32','admin','2022-02-11 20:54:32','admin'),
  (87,17,1,1,1,0,1,1,NULL,NULL,NULL,NULL,NULL,NULL,NULL,NULL,NULL,'Beispiele UIkit-Elemente','h2',NULL,NULL,NULL,NULL,NULL,NULL,NULL,NULL,NULL,NULL,NULL,NULL,NULL,NULL,NULL,NULL,NULL,NULL,NULL,NULL,NULL,NULL,NULL,NULL,NULL,NULL,NULL,NULL,NULL,NULL,NULL,NULL,NULL,NULL,NULL,NULL,NULL,NULL,NULL,NULL,NULL,NULL,NULL,NULL,NULL,NULL,NULL,NULL,NULL,'2022-02-11 20:57:41','admin','2022-02-11 20:57:41','admin'),
  (88,18,1,1,8,0,2,1,'<div class=\"pictext \">\r\n<div class=\"uk-padding uk-margin-bottom\">\r\n    <p>Beispiele Content in der <strong>glightbox</strong> öffnen (class=<strong>lightboxcontent</strong>)</p>\r\n    <a href=\"./index.php?article_id=6&type=lightboxcontent\" class=\"uk-button uk-button-default lightboxcontent\">Interner Content</a>   \r\n    <a href=\"./media/waves.mp4\" class=\"uk-button uk-button-secondary lightboxcontent\">Video aus dem Medienpool</a>\r\n    <a href=\"https://friendsofredaxo.github.io/\" class=\"uk-button uk-button-primary lightboxcontent\">Friends Of REDAXO</a>\r\n    <a href=\"https://friendsofredaxo.github.io/community/\" class=\"uk-button uk-button-danger lightboxcontent\">Community World Map</a>\r\n</div>\r\n</div>\r\n\r\n',NULL,NULL,NULL,NULL,NULL,NULL,NULL,NULL,NULL,NULL,NULL,NULL,NULL,NULL,NULL,NULL,NULL,NULL,NULL,NULL,NULL,NULL,NULL,NULL,NULL,NULL,NULL,NULL,NULL,NULL,NULL,NULL,NULL,NULL,NULL,NULL,NULL,NULL,NULL,NULL,NULL,NULL,NULL,NULL,NULL,NULL,NULL,NULL,NULL,NULL,NULL,NULL,NULL,NULL,NULL,NULL,NULL,NULL,NULL,'2022-02-11 21:03:32','admin','2022-02-15 23:56:59','admin'),
  (89,19,1,1,2,0,1,1,'Fotos für diese Demos:\r\nhttps://unsplash.com/s/photos/coffee\r\nhttps://unsplash.com/s/photos/bike\r\nhttps://unsplash.com/s/photos/road\r\n\r\nVideos:\r\nhttps://www.pexels.com/video/close-up-footage-of-a-vintage-turntable-5292753/\r\nhttps://www.pexels.com/video/sea-sunset-water-blue-7385122/\r\n\r\n','','',NULL,NULL,NULL,NULL,NULL,'1','Fotos und Videos dieser Demo','h2',NULL,NULL,NULL,NULL,NULL,NULL,NULL,NULL,NULL,'','','',NULL,NULL,NULL,NULL,NULL,NULL,NULL,NULL,NULL,NULL,NULL,NULL,NULL,NULL,NULL,NULL,NULL,NULL,NULL,NULL,NULL,NULL,NULL,NULL,NULL,NULL,NULL,NULL,NULL,NULL,NULL,NULL,NULL,NULL,NULL,NULL,NULL,'2022-02-13 01:01:36','admin','2022-02-13 02:36:39','admin'),
  (90,18,1,1,1,0,1,1,NULL,NULL,NULL,NULL,NULL,NULL,NULL,NULL,NULL,'Sonstige Beispiele','h2',NULL,NULL,NULL,NULL,NULL,NULL,NULL,NULL,NULL,NULL,NULL,NULL,NULL,NULL,NULL,NULL,NULL,NULL,NULL,NULL,NULL,NULL,NULL,NULL,NULL,NULL,NULL,NULL,NULL,NULL,NULL,NULL,NULL,NULL,NULL,NULL,NULL,NULL,NULL,NULL,NULL,NULL,NULL,NULL,NULL,NULL,NULL,NULL,NULL,'2022-02-14 02:55:41','admin','2022-02-14 02:55:41','admin'),
  (93,20,1,1,8,0,1,1,'<!--\r\n\r\nhttps://www.youtube-nocookie.com/embed/-xAwiMV1G1I?autoplay=0&amp;showinfo=0&amp;rel=0&amp;modestbranding=0&amp;playsinline=1\r\n\r\nhttps://www.youtube.com/watch?v=-xAwiMV1G1I\r\n-->\r\n<h2>Video</h2>\r\n\r\n<video width=\"800\" height=\"600\" class=\"video\" src=\"./media/waves.mp4\" controls uk-video=\"autoplay:true; automute: false\"></video>\r\n\r\n<!-- -->\r\n<iframe width=\"800\" height=\"600\" src=\"https://www.youtube-nocookie.com/embed/-xAwiMV1G1I?autoplay=0&amp;showinfo=0&amp;rel=0&amp;modestbranding=0&amp;playsinline=1\" width=\"1920\" height=\"1080\" allowfullscreen uk-responsive uk-video=\"autoplay:true; automute: false\" class=\"video\"></iframe>\r\n\r\n\r\n',NULL,NULL,NULL,NULL,NULL,NULL,NULL,NULL,NULL,NULL,NULL,NULL,NULL,NULL,NULL,NULL,NULL,NULL,NULL,NULL,NULL,NULL,NULL,NULL,NULL,NULL,NULL,NULL,NULL,NULL,NULL,NULL,NULL,NULL,NULL,NULL,NULL,NULL,NULL,NULL,NULL,NULL,NULL,NULL,NULL,NULL,NULL,NULL,NULL,NULL,NULL,NULL,NULL,NULL,NULL,NULL,NULL,NULL,NULL,'2022-02-16 23:32:16','admin','2022-02-16 23:51:07','admin');
/*!40000 ALTER TABLE `rex_article_slice` ENABLE KEYS */;
UNLOCK TABLES;

DROP TABLE IF EXISTS `rex_media`;
CREATE TABLE `rex_media` (
  `id` int(10) unsigned NOT NULL AUTO_INCREMENT,
  `category_id` int(10) unsigned NOT NULL,
  `attributes` mediumtext COLLATE utf8mb4_unicode_ci DEFAULT NULL,
  `filetype` varchar(255) COLLATE utf8mb4_unicode_ci DEFAULT NULL,
  `filename` varchar(255) COLLATE utf8mb4_unicode_ci DEFAULT NULL,
  `originalname` varchar(255) COLLATE utf8mb4_unicode_ci DEFAULT NULL,
  `filesize` varchar(255) COLLATE utf8mb4_unicode_ci DEFAULT NULL,
  `width` int(10) unsigned DEFAULT NULL,
  `height` int(10) unsigned DEFAULT NULL,
  `title` varchar(255) COLLATE utf8mb4_unicode_ci DEFAULT NULL,
  `createdate` datetime NOT NULL,
  `createuser` varchar(255) COLLATE utf8mb4_unicode_ci NOT NULL,
  `updatedate` datetime NOT NULL,
  `updateuser` varchar(255) COLLATE utf8mb4_unicode_ci NOT NULL,
  `revision` int(10) unsigned NOT NULL,
  `med_description` text COLLATE utf8mb4_unicode_ci DEFAULT NULL,
  PRIMARY KEY (`id`),
  UNIQUE KEY `filename` (`filename`),
  KEY `category_id` (`category_id`)
) ENGINE=InnoDB AUTO_INCREMENT=56 DEFAULT CHARSET=utf8mb4 COLLATE=utf8mb4_unicode_ci;

LOCK TABLES `rex_media` WRITE;
/*!40000 ALTER TABLE `rex_media` DISABLE KEYS */;
INSERT INTO `rex_media` VALUES 
  (4,2,'','image/png','screen01.png','screen01.png','47767',1790,680,'Screenshot REDAXO-Backend','2022-01-14 20:15:05','admin','2022-02-11 20:04:35','admin',0,''),
  (13,0,'','image/svg+xml','logo.svg','logo.svg','5152',0,0,'REDAXO-Logo','2022-01-14 20:15:05','admin','2022-01-14 20:15:05','admin',0,''),
  (18,0,'','application/msword','word-testdatei.doc','word-testdatei.doc','22016',0,0,'Eine Word-Testdatei','2022-01-14 20:15:05','admin','2022-01-14 20:15:05','admin',0,''),
  (19,0,'','application/pdf','pdf-testdatei.pdf','pdf-testdatei.pdf','14419',0,0,'Eine PDF-Testdatei','2022-01-14 20:15:05','admin','2022-01-14 20:15:05','admin',0,''),
  (22,0,'','application/x-zip-compressed','zip-testdatei.zip','zip-testdatei.zip','13485',0,0,'Eine ZIP-Testdatei','2022-01-14 20:15:05','admin','2022-01-14 20:15:05','admin',0,''),
  (23,2,NULL,'image/png','screenshot_struktur.png','screenshot_struktur.png','34215',1391,820,'Screenshot Struktur der Fullpage-Demo','2022-01-14 20:15:05','admin','2022-02-14 00:35:00','admin',0,''),
  (24,2,NULL,'image/png','screenshot_addon_settings.png','screenshot_addon_settings.png','23449',1593,927,'Screenshot Addon-Einstellungen','2022-01-14 20:15:05','admin','2022-02-11 21:10:47','admin',0,''),
  (25,2,NULL,'image/png','screenshot_module.png','screenshot_module.png','30493',1393,759,'Screenshot Module','2022-01-14 20:15:05','admin','2022-02-14 00:50:49','admin',0,''),
  (26,2,NULL,'image/png','screenshot_metainfo.png','screenshot_metainfo.png','31559',1387,807,'Screenshot Kategorie Metainfos','2022-01-14 20:15:05','admin','2022-02-14 00:45:37','admin',0,''),
  (27,2,NULL,'image/png','screenshot_struktur_testseite.png','screenshot_struktur_testseite.png','32604',1392,765,'Screenshot Struktur Testseite','2022-01-14 20:15:05','admin','2022-02-14 00:53:53','admin',0,''),
  (46,3,NULL,'video/mp4','waves.mp4','waves.mp4','1862089',NULL,NULL,'','2022-01-14 20:15:05','admin','2022-01-14 20:15:05','admin',0,''),
  (47,3,NULL,'video/mp4','turntable.mp4','turntable.mp4','5161537',NULL,NULL,'','2022-01-14 20:15:05','admin','2022-01-14 20:15:05','admin',0,''),
  (49,1,NULL,'image/jpeg','jr-korpa-hu2xnqkkecq-unsplash.jpg','jr-korpa-Hu2XNqkKeCQ-unsplash.jpg','203824',1600,1067,'https://unsplash.com/photos/Hu2XNqkKeCQ','2022-02-13 02:11:49','admin','2022-02-13 02:17:10','admin',0,'https://unsplash.com/photos/Hu2XNqkKeCQ'),
  (50,4,NULL,'image/jpeg','brigitte-tohm-lbdntcejzqs-unsplash.jpg','brigitte-tohm-lbdNTcejZQs-unsplash.jpg','154889',1920,2560,'https://unsplash.com/photos/lbdNTcejZQs','2022-02-13 02:44:41','admin','2022-02-14 01:01:10','admin',0,'https://unsplash.com/photos/lbdNTcejZQs'),
  (51,4,NULL,'image/jpeg','gian-cescon-gxq13mxlthq-unsplash.jpg','gian-cescon-GxQ13MXLTHQ-unsplash.jpg','363233',1920,2400,'https://unsplash.com/photos/GxQ13MXLTHQ','2022-02-13 02:44:54','admin','2022-02-14 01:00:36','admin',0,'https://unsplash.com/photos/GxQ13MXLTHQ'),
  (52,4,NULL,'image/jpeg','fahmi-fakhrudin-nzyzausbv0m-unsplash.jpg','fahmi-fakhrudin-nzyzAUsbV0M-unsplash.jpg','71244',1920,1074,'https://unsplash.com/photos/nzyzAUsbV0M','2022-02-13 02:45:01','admin','2022-02-14 00:59:57','admin',0,'https://unsplash.com/photos/nzyzAUsbV0M'),
  (53,4,NULL,'image/jpeg','nathan-dumlao-6vhpy27jdps-unsplash.jpg','nathan-dumlao-6VhPY27jdps-unsplash.jpg','138852',1920,1280,'https://unsplash.com/photos/6VhPY27jdps','2022-02-13 02:45:08','admin','2022-02-14 00:59:16','admin',0,'https://unsplash.com/photos/6VhPY27jdps'),
  (54,4,NULL,'image/jpeg','tyler-nix-wvexctg7oxy-unsplash.jpg','tyler-nix-wVexcTg7oXY-unsplash.jpg','137981',1920,2880,'https://unsplash.com/photos/wVexcTg7oXY','2022-02-13 02:48:21','admin','2022-02-14 00:58:35','admin',0,'https://unsplash.com/photos/wVexcTg7oXY'),
  (55,4,NULL,'image/jpeg','bruno-emmanuelle-yh7mgnighrs-unsplash.jpg','bruno-emmanuelle-YH7mGnigHRs-unsplash.jpg','97018',1920,1280,'https://unsplash.com/photos/YH7mGnigHRs','2022-02-13 13:09:08','admin','2022-02-14 00:57:47','admin',0,'https://unsplash.com/photos/YH7mGnigHRs');
/*!40000 ALTER TABLE `rex_media` ENABLE KEYS */;
UNLOCK TABLES;

DROP TABLE IF EXISTS `rex_media_category`;
CREATE TABLE `rex_media_category` (
  `id` int(10) unsigned NOT NULL AUTO_INCREMENT,
  `name` varchar(255) COLLATE utf8mb4_unicode_ci NOT NULL,
  `parent_id` int(10) unsigned NOT NULL,
  `path` varchar(255) COLLATE utf8mb4_unicode_ci NOT NULL,
  `createdate` datetime NOT NULL,
  `createuser` varchar(255) COLLATE utf8mb4_unicode_ci NOT NULL,
  `updatedate` datetime NOT NULL,
  `updateuser` varchar(255) COLLATE utf8mb4_unicode_ci NOT NULL,
  `attributes` mediumtext COLLATE utf8mb4_unicode_ci DEFAULT NULL,
  `revision` int(10) unsigned NOT NULL,
  PRIMARY KEY (`id`),
  KEY `parent_id` (`parent_id`)
) ENGINE=InnoDB AUTO_INCREMENT=5 DEFAULT CHARSET=utf8mb4 COLLATE=utf8mb4_unicode_ci;

LOCK TABLES `rex_media_category` WRITE;
/*!40000 ALTER TABLE `rex_media_category` DISABLE KEYS */;
INSERT INTO `rex_media_category` VALUES 
  (1,'Hintergrundbilder',0,'|','2022-01-14 20:15:05','admin','2022-01-14 20:15:05','admin','',0),
  (2,'Screenshots',0,'|','2022-01-14 20:15:05','admin','2022-01-14 20:15:05','admin','',0),
  (3,'Videos',0,'|','2022-01-14 20:15:05','admin','2022-01-14 20:15:05','admin',NULL,0),
  (4,'Bilder',0,'|','2022-02-14 00:55:09','admin','2022-02-14 00:55:09','admin',NULL,0);
/*!40000 ALTER TABLE `rex_media_category` ENABLE KEYS */;
UNLOCK TABLES;

DROP TABLE IF EXISTS `rex_metainfo_field`;
CREATE TABLE `rex_metainfo_field` (
  `id` int(10) unsigned NOT NULL AUTO_INCREMENT,
  `title` varchar(255) COLLATE utf8mb4_unicode_ci DEFAULT NULL,
  `name` varchar(255) COLLATE utf8mb4_unicode_ci DEFAULT NULL,
  `priority` int(10) unsigned NOT NULL,
  `attributes` mediumtext COLLATE utf8mb4_unicode_ci NOT NULL,
  `type_id` int(10) unsigned DEFAULT NULL,
  `default` varchar(255) COLLATE utf8mb4_unicode_ci NOT NULL,
  `params` mediumtext COLLATE utf8mb4_unicode_ci DEFAULT NULL,
  `validate` mediumtext COLLATE utf8mb4_unicode_ci DEFAULT NULL,
  `callback` mediumtext COLLATE utf8mb4_unicode_ci DEFAULT NULL,
  `restrictions` mediumtext COLLATE utf8mb4_unicode_ci DEFAULT NULL,
  `templates` text COLLATE utf8mb4_unicode_ci DEFAULT NULL,
  `createdate` datetime NOT NULL,
  `createuser` varchar(255) COLLATE utf8mb4_unicode_ci NOT NULL,
  `updatedate` datetime NOT NULL,
  `updateuser` varchar(255) COLLATE utf8mb4_unicode_ci NOT NULL,
  PRIMARY KEY (`id`),
  UNIQUE KEY `name` (`name`)
) ENGINE=InnoDB AUTO_INCREMENT=15 DEFAULT CHARSET=utf8mb4 COLLATE=utf8mb4_unicode_ci;

LOCK TABLES `rex_metainfo_field` WRITE;
/*!40000 ALTER TABLE `rex_metainfo_field` DISABLE KEYS */;
INSERT INTO `rex_metainfo_field` VALUES 
  (1,'Individueller Title-Tag','art_title',1,'',1,'','','','','',NULL,'2022-01-14 20:15:05','admin','2022-01-14 20:15:05','admin'),
  (2,'Meta-Tag Keywords','art_keywords',2,'',1,'','','','','',NULL,'2022-01-14 20:15:05','admin','2022-01-14 20:15:05','admin'),
  (3,'Meta-Tag Beschreibung','art_description',3,'',2,'','','','','',NULL,'2022-01-14 20:15:05','admin','2022-01-14 20:15:05','admin'),
  (4,'translate:online_from','art_online_from',4,'',10,'','','','','',NULL,'2022-01-14 20:15:05','admin','2022-01-14 20:15:05','admin'),
  (5,'translate:online_to','art_online_to',5,'',10,'','','','','',NULL,'2022-01-14 20:15:05','admin','2022-01-14 20:15:05','admin'),
  (6,'translate:demo_fullpage_meta_bgimage','art_fullpage_bgimage',7,'',6,'','types=\"jpg,jpeg,png,svg\" preview=\"1\"','','',NULL,NULL,'2022-01-14 20:15:05','admin','2022-02-16 00:40:54','admin'),
  (7,'translate:demo_fullpage_meta_bgcolor','art_fullpage_bgcolor',6,'class=\"form-control colorpicker\"',1,'','','','',NULL,NULL,'2022-01-14 20:15:05','admin','2022-01-14 20:15:05','admin'),
  (8,'translate:demo_fullpage_meta_bgimage','cat_fullpage_bgimage',2,'',6,'','types=\"jpg,jpeg,png,svg\" preview=\"1\"','','',NULL,NULL,'2022-01-14 20:15:05','admin','2022-02-16 00:44:51','admin'),
  (9,'translate:demo_fullpage_meta_bgcolor','cat_fullpage_bgcolor',1,'class=\"form-control colorpicker\"',1,'','','','',NULL,NULL,'2022-01-14 20:15:05','admin','2022-01-14 20:15:05','admin'),
  (10,'translate:demo_fullpage_meta_autoheight','cat_fullpage_autoheight',4,'',5,'','','','',NULL,NULL,'2022-01-14 20:15:05','admin','2022-01-14 20:15:05','admin'),
  (11,'translate:demo_fullpage_meta_nomenu','cat_fullpage_nomenu',5,'',5,'','','','',NULL,NULL,'2022-01-14 20:15:05','admin','2022-01-14 20:15:05','admin'),
  (12,'Beschreibung','med_description',1,'',2,'','','','','',NULL,'2022-01-14 20:15:05','admin','2022-01-14 20:15:05','admin'),
  (13,'translate:demo_fullpage_meta_bgvideo','art_fullpage_bgvideo',8,'',6,'','types=\"mp4,webm,ogg\"',NULL,'',NULL,NULL,'2022-01-14 20:15:05','admin','2022-02-16 00:44:21','admin'),
  (14,'translate:demo_fullpage_meta_bgvideo','cat_fullpage_bgvideo',3,'',6,'','types=\"mp4,webm,ogg\"',NULL,'',NULL,NULL,'2022-01-14 20:15:05','admin','2022-02-16 00:44:34','admin');
/*!40000 ALTER TABLE `rex_metainfo_field` ENABLE KEYS */;
UNLOCK TABLES;

DROP TABLE IF EXISTS `rex_metainfo_type`;
CREATE TABLE `rex_metainfo_type` (
  `id` int(10) unsigned NOT NULL AUTO_INCREMENT,
  `label` varchar(255) COLLATE utf8mb4_unicode_ci DEFAULT NULL,
  `dbtype` varchar(255) COLLATE utf8mb4_unicode_ci NOT NULL,
  `dblength` int(11) NOT NULL,
  PRIMARY KEY (`id`)
) ENGINE=InnoDB AUTO_INCREMENT=14 DEFAULT CHARSET=utf8mb4 COLLATE=utf8mb4_unicode_ci;

LOCK TABLES `rex_metainfo_type` WRITE;
/*!40000 ALTER TABLE `rex_metainfo_type` DISABLE KEYS */;
INSERT INTO `rex_metainfo_type` VALUES 
  (1,'text','text',0),
  (2,'textarea','text',0),
  (3,'select','varchar',255),
  (4,'radio','varchar',255),
  (5,'checkbox','varchar',255),
  (6,'REX_MEDIA_WIDGET','varchar',255),
  (7,'REX_MEDIALIST_WIDGET','text',0),
  (8,'REX_LINK_WIDGET','varchar',255),
  (9,'REX_LINKLIST_WIDGET','text',0),
  (10,'date','text',0),
  (11,'datetime','text',0),
  (12,'legend','text',0),
  (13,'time','text',0);
/*!40000 ALTER TABLE `rex_metainfo_type` ENABLE KEYS */;
UNLOCK TABLES;

DROP TABLE IF EXISTS `rex_module`;
CREATE TABLE `rex_module` (
  `id` int(10) unsigned NOT NULL AUTO_INCREMENT,
  `key` varchar(191) COLLATE utf8mb4_unicode_ci DEFAULT NULL,
  `name` varchar(255) COLLATE utf8mb4_unicode_ci NOT NULL,
  `output` mediumtext COLLATE utf8mb4_unicode_ci NOT NULL,
  `input` mediumtext COLLATE utf8mb4_unicode_ci NOT NULL,
  `createdate` datetime NOT NULL,
  `createuser` varchar(255) COLLATE utf8mb4_unicode_ci NOT NULL,
  `updatedate` datetime NOT NULL,
  `updateuser` varchar(255) COLLATE utf8mb4_unicode_ci NOT NULL,
  `attributes` text COLLATE utf8mb4_unicode_ci DEFAULT NULL,
  `revision` int(10) unsigned NOT NULL,
  PRIMARY KEY (`id`),
  UNIQUE KEY `key` (`key`)
) ENGINE=InnoDB AUTO_INCREMENT=10 DEFAULT CHARSET=utf8mb4 COLLATE=utf8mb4_unicode_ci;

LOCK TABLES `rex_module` WRITE;
/*!40000 ALTER TABLE `rex_module` DISABLE KEYS */;
INSERT INTO `rex_module` VALUES 
  (1,NULL,'01. Headline',' \r\n<REX_VALUE[11] class=\"headline\">REX_VALUE[10]</REX_VALUE[11]>\r\n','<fieldset class=\"form-horizontal\">\r\n\r\n    <div class=\"form-group\">\r\n        <label class=\"col-sm-2 control-label\" for=\"headline\">Überschrift</label>\r\n        <div class=\"col-sm-10\">\r\n            <input class=\"form-control\" id=\"headline\" type=\"text\" name=\"REX_INPUT_VALUE[10]\" value=\"REX_VALUE[10]\" />\r\n        </div>\r\n    </div>\r\n\r\n    <div class=\"form-group\">\r\n        <label class=\"col-sm-2 control-label\" for=\"headline-level\">Überschrift-Ebene</label>\r\n        <div class=\"col-sm-10\">\r\n            <?php\r\n                $options = array(\r\n                \'h1\'=>\'1. Ebene (H1)\',\r\n                \'h2\'=>\'2. Ebene (H2)\',\r\n                \'h3\'=>\'3. Ebene (H3)\'\r\n            );\r\n            ?>\r\n            <select name=\"REX_INPUT_VALUE[11]\" id=\"headline-level\" class=\"form-control\">\r\n            <?php foreach ($options as $k=>$v) : ?>\r\n            <option value=\"<?php echo $k; ?>\"<?php if ($k == \"REX_VALUE[11]\") echo \' selected=\"selected\"\' ?>><?php echo $v; ?></option>\r\n            <?php endforeach ?>\r\n            </select>\r\n        </div>\r\n    </div>\r\n\r\n</fieldset>\r\n','2022-01-14 20:15:05','admin','2022-01-14 20:15:05','admin','',0),
  (2,NULL,'02. Text mit Bild (1 - 3 Spalten)','<?php\r\n$grid_content1 = \'\';\r\n$grid_content2 = \'\';\r\n$grid_content3 = \'\';\r\n\r\nif (!function_exists(\'_url_convert\')){\r\n    function _url_convert($input) {\r\n        $pattern = \'@(http(s)?://)?(([a-zA-Z])([-\\w]+\\.)+([^\\s\\.]+[^\\s]*)+[^,.\\s])@\';\r\n        return $output = preg_replace($pattern, \'<a href=\"http$2://$3\">$0</a>\', $input);\r\n    }\r\n}\r\n\r\n// col1\r\nif (\"REX_MEDIA[1]\" != \'\') {\r\n    $media = rex_media::get(\"REX_MEDIA[1]\");\r\n    $mediatitle = $media->getValue(\'title\');\r\n    $mediadesc = str_replace(array(\"\\r\\n\", \"\\n\", \"\\r\"), \' \', $media->getValue(\'med_description\'));\r\n    $medialink = $media->getUrl();\r\n    $grid_content1 .= \'<div class=\"uk-card-media-top\"><a href=\"\' . $medialink . \'\" class=\"gallery\" data-gallery=\"gallery:REX_SLICE_ID\">\';\r\n    $grid_content1 .= \'<img class=\"content\" data-src=\"\' . rex_url::base() . \'index.php?rex_media_type=rex_media_medium&rex_media_file=REX_MEDIA[1]\" alt=\"\' . $mediatitle . \'\" uk-tooltip title=\"\' . $mediatitle . \'\">\';\r\n    $grid_content1 .= \'</a></div>\';\r\n    if (rex::isBackend()) {\r\n        $grid_content1 = str_replace(\'data-src=\', \'src=\', $grid_content1);\r\n    }\r\n}\r\nif (\'REX_VALUE[id=1 isset=1]\') {\r\n    if (class_exists(\'rex_markdown\')) {\r\n        $grid_content1 .= rex_markdown::factory()->parse(\'REX_VALUE[id=1 output=\"html\"]\');\r\n    } else {\r\n        $grid_content1 .= nl2br(_url_convert(\'REX_VALUE[id=1 output=\"html\"]\'));\r\n    }\r\n}\r\n\r\n// col2\r\nif (\"REX_MEDIA[2]\" != \'\') {\r\n    $media = rex_media::get(\"REX_MEDIA[2]\");\r\n    $mediatitle = $media->getValue(\'title\');\r\n    $mediadesc = str_replace(array(\"\\r\\n\", \"\\n\", \"\\r\"), \' \', $media->getValue(\'med_description\'));\r\n    $medialink = $media->getUrl();\r\n    $grid_content2 .= \'<div class=\"uk-card-media-top\"><a href=\"\' . $medialink . \'\" class=\"gallery\" data-gallery=\"gallery:REX_SLICE_ID\">\';\r\n    $grid_content2 .= \'<img class=\"content\" data-src=\"\' . rex_url::base() . \'index.php?rex_media_type=rex_media_medium&rex_media_file=REX_MEDIA[2]\" alt=\"\' . $mediatitle . \'\" uk-tooltip title=\"\' . $mediatitle . \'\">\';\r\n    $grid_content2 .= \'</a></div>\';\r\n    if (rex::isBackend()) {\r\n        $grid_content2 = str_replace(\'data-src=\', \'src=\', $grid_content2);\r\n    }\r\n}\r\nif (\'REX_VALUE[id=2 isset=1]\') {\r\n    if (class_exists(\'rex_markdown\')) {\r\n        $grid_content2 .= rex_markdown::factory()->parse(\'REX_VALUE[id=2 output=\"html\"]\');\r\n    } else {\r\n        $grid_content2 .= nl2br(_url_convert(\'REX_VALUE[id=2 output=\"html\"]\'));\r\n    }\r\n}\r\n\r\n// col3\r\nif (\"REX_MEDIA[3]\" != \'\') {\r\n    $media = rex_media::get(\"REX_MEDIA[3]\");\r\n    $mediatitle = $media->getValue(\'title\');\r\n    $mediadesc = str_replace(array(\"\\r\\n\", \"\\n\", \"\\r\"), \' \', $media->getValue(\'med_description\'));\r\n    $medialink = $media->getUrl();\r\n    $grid_content3 .= \'<div class=\"uk-card-media-top\"><a href=\"\' . $medialink . \'\" class=\"gallery\" data-gallery=\"gallery:REX_SLICE_ID\">\';\r\n    $grid_content3 .= \'<img class=\"content\" data-src=\"\' . rex_url::base() . \'index.php?rex_media_type=rex_media_medium&rex_media_file=REX_MEDIA[3]\" alt=\"\' . $mediatitle . \'\" uk-tooltip title=\"\' . $mediatitle . \'\">\';\r\n    $grid_content3 .= \'</a></div>\';\r\n    if (rex::isBackend()) {\r\n        $grid_content3 = str_replace(\'data-src=\', \'src=\', $grid_content3);\r\n    }\r\n}\r\nif (\'REX_VALUE[id=3 isset=1]\') {\r\n    if (class_exists(\'rex_markdown\')) {\r\n        $grid_content3 .= rex_markdown::factory()->parse(\'REX_VALUE[id=3 output=\"html\"]\');\r\n    } else {\r\n        $grid_content3 .= nl2br(_url_convert(\'REX_VALUE[id=3 output=\"html\"]\'));\r\n    }\r\n}\r\n\r\nif (\"REX_VALUE[10]\" != \'\') {\r\n    echo PHP_EOL .\'<REX_VALUE[11] class=\"headline\">REX_VALUE[10]</REX_VALUE[11]>\' . PHP_EOL;\r\n}\r\nif ($grid_content1 <> \'\' or $grid_content2 <> \'\' or $grid_content3 <> \'\')\r\n{\r\n    echo PHP_EOL . \'<div class=\"pictext uk-margin-bottom\">\' . PHP_EOL;\r\n    echo \'<div class=\"uk-child-width-1-REX_VALUE[9]@m uk-grid-collapse uk-grid-match\" uk-grid>\' . PHP_EOL;\r\n\r\n    // 2cols\r\n    if (\"REX_VALUE[9]\" == \'2\')  {\r\n        echo \'<div><div class=\"uk-card uk-card-body\">\' . PHP_EOL;\r\n        echo $grid_content1 . PHP_EOL;\r\n        echo \'</div></div>\' . PHP_EOL;\r\n        echo \'<div><div class=\"uk-card uk-card-body\">\' . PHP_EOL;\r\n        echo $grid_content2 . PHP_EOL;\r\n        echo \'</div></div>\' . PHP_EOL;\r\n    // 3cols\r\n    } elseif (\"REX_VALUE[9]\" == \'3\') {\r\n        echo \'<div><div class=\"uk-card uk-card-body\">\' . PHP_EOL;\r\n        echo $grid_content1 . PHP_EOL;\r\n        echo \'</div></div>\' . PHP_EOL;\r\n        echo \'<div><div class=\"uk-card uk-card-body\">\' . PHP_EOL;\r\n        echo $grid_content2 . PHP_EOL;\r\n        echo \'</div></div>\' . PHP_EOL;\r\n        echo \'<div><div class=\"uk-card uk-card-body\">\' . PHP_EOL;\r\n        echo $grid_content3 . PHP_EOL;\r\n        echo \'</div></div>\' . PHP_EOL;\r\n    // 1col\r\n    } else {\r\n        echo \'<div><div class=\"uk-card uk-card-body\">\' . PHP_EOL;\r\n        echo $grid_content1 . PHP_EOL;\r\n        echo \'</div></div>\' . PHP_EOL;\r\n    }\r\n    \r\n    echo \'</div>\' . PHP_EOL;\r\n    echo \'</div>\' . PHP_EOL;\r\n}\r\n?>','<!-- *******************************************************\r\nTEXT UND BILD IN SPALTEN\r\n******************************************************** -->\r\n\r\n<script type=\"text/javascript\">\r\njQuery(function($){\r\n    $(document).ready(function(){\r\n        $(\'select#choices\').change(function() {\r\n            $(\'.off\').hide();\r\n            for(var i = 1; i <= parseInt($(this).val()); i++) {\r\n                $(\'#col\' + i).show();\r\n            }\r\n        });\r\n        $(\'select#choices\').change();\r\n    })\r\n});\r\n</script>\r\n\r\n<fieldset class=\"form-horizontal\">\r\n    <div class=\"form-group\">\r\n        <label class=\"col-sm-2 control-label\" for=\"choices\">Spalten</label>\r\n        <div class=\"col-sm-10\">\r\n            <?php\r\n                $options = array(\r\n                \'1\'=>\'volle Breite\',\r\n                \'2\'=>\'zwei Spalten\',\r\n                \'3\'=>\'drei Spalten\'\r\n            );\r\n            ?>\r\n            <select name=\"REX_INPUT_VALUE[9]\" id=\"choices\" class=\"form-control\">\r\n            <?php foreach ($options as $k=>$v) : ?>\r\n            <option value=\"<?php echo $k; ?>\"<?php if ($k == \"REX_VALUE[9]\") echo \' selected=\"selected\"\' ?>><?php echo $v; ?></option>\r\n            <?php endforeach ?>\r\n            </select>\r\n        </div>\r\n    </div>\r\n\r\n    <div class=\"form-group\">\r\n        <label class=\"col-sm-2 control-label\" for=\"headline\">Überschrift</label>\r\n        <div class=\"col-sm-10\">\r\n            <input class=\"form-control\" id=\"headline\" type=\"text\" name=\"REX_INPUT_VALUE[10]\" value=\"REX_VALUE[10]\" />\r\n        </div>\r\n    </div>\r\n\r\n    <div class=\"form-group\">\r\n        <label class=\"col-sm-2 control-label\" for=\"headline-level\">Überschrift-Ebene</label>\r\n        <div class=\"col-sm-10\">\r\n            <?php\r\n                $options = array(\r\n                \'h1\'=>\'1. Ebene (H1)\',\r\n                \'h2\'=>\'2. Ebene (H2)\',\r\n                \'h3\'=>\'3. Ebene (H3)\'\r\n            );\r\n            ?>\r\n            <select name=\"REX_INPUT_VALUE[11]\" id=\"headline-level\" class=\"form-control\">\r\n            <?php foreach ($options as $k=>$v) : ?>\r\n            <option value=\"<?php echo $k; ?>\"<?php if ($k == \"REX_VALUE[11]\") echo \' selected=\"selected\"\' ?>><?php echo $v; ?></option>\r\n            <?php endforeach ?>\r\n            </select>\r\n        </div>\r\n    </div>\r\n</fieldset>\r\n\r\n<fieldset class=\"form-horizontal\">\r\n    <legend>1. Spalte</legend>\r\n\r\n    <div class=\"form-group\">\r\n        <label class=\"col-sm-2 control-label\">Bild</label>\r\n        <div class=\"col-sm-10\">\r\n            REX_MEDIA[id=\"1\" widget=\"1\"]\r\n        </div>\r\n    </div>\r\n\r\n    <div class=\"form-group\">\r\n        <label class=\"col-sm-2 control-label\" for=\"markitup_textile_1\">Text</label>\r\n        <div class=\"col-sm-10\">\r\n            <textarea cols=\"1\" rows=\"10\" class=\"form-control markitupEditor-textile_full\" id=\"markitup_textile_1\" name=\"REX_INPUT_VALUE[1]\">REX_VALUE[1]</textarea>\r\n        </div>\r\n    </div>\r\n</fieldset>\r\n\r\n\r\n\r\n<fieldset class=\"form-horizontal off\" id=\"col2\">\r\n    <legend>2. Spalte</legend>\r\n\r\n    <div class=\"form-group\">\r\n        <label class=\"col-sm-2 control-label\">Bild</label>\r\n        <div class=\"col-sm-10\">\r\n            REX_MEDIA[id=\"2\" widget=\"1\"]\r\n        </div>\r\n    </div>\r\n\r\n    <div class=\"form-group\">\r\n        <label class=\"col-sm-2 control-label\" for=\"markitup_textile_2\">Text</label>\r\n        <div class=\"col-sm-10\">\r\n            <textarea cols=\"1\" rows=\"10\" class=\"form-control markitupEditor-textile_full\" id=\"markitup_textile_2\" name=\"REX_INPUT_VALUE[2]\">REX_VALUE[2]</textarea>\r\n        </div>\r\n    </div>\r\n</fieldset>\r\n\r\n\r\n<fieldset class=\"form-horizontal off\" id=\"col3\">\r\n    <legend>3. Spalte</legend>\r\n\r\n    <div class=\"form-group\">\r\n        <label class=\"col-sm-2 control-label\">Bild</label>\r\n        <div class=\"col-sm-10\">\r\n            REX_MEDIA[id=\"3\" widget=\"1\"]\r\n        </div>\r\n    </div>\r\n\r\n    <div class=\"form-group\">\r\n        <label class=\"col-sm-2 control-label\" for=\"markitup_textile_3\">Text</label>\r\n        <div class=\"col-sm-10\">\r\n            <textarea cols=\"1\" rows=\"10\" class=\"form-control markitupEditor-full\" id=\"markitup_textile_3\" name=\"REX_INPUT_VALUE[3]\">REX_VALUE[3]</textarea>\r\n        </div>\r\n    </div>\r\n</fieldset>\r\n','2022-01-14 20:15:05','admin','2022-02-13 12:01:12','admin','',0),
  (3,NULL,'03. Bild volle Größe','<?php\r\n$content = \'\';\r\n\r\n// col1\r\nif (\"REX_MEDIA[1]\" != \'\') {\r\n    $media = rex_media::get(\"REX_MEDIA[1]\");\r\n    $mediatitle = str_replace(array(\"\\r\\n\", \"\\n\", \"\\r\"), \' \', $media->getValue(\'title\'));\r\n    $medialink = $media->getUrl();\r\n    if (rex::isBackend()) {\r\n        $content .= \'<img class=\"full\" src=\"\' . rex_url::base() . \'index.php?rex_media_type=rex_media_medium&rex_media_file=REX_MEDIA[1]\" alt=\"\' . $mediatitle . \'\" title=\"\' . $mediatitle . \'\">\';\r\n    } else {\r\n        $content .= \'<a href=\"\' . $medialink . \'\" class=\"gallery\" data-gallery=\"gallery:REX_SLICE_ID\"><img class=\"full\" data-src=\"\' . rex_url::base() . \'index.php?rex_media_type=rex_media_large&rex_media_file=REX_MEDIA[1]\" alt=\"\' . $mediatitle . \'\" uk-tooltip title=\"\' . $mediatitle . \'\"></a>\';\r\n    }\r\n    echo PHP_EOL . \'<div class=\"container uk-margin-bottom\">\' . $content . \'</div>\' . PHP_EOL;\r\n}\r\n?>','<fieldset class=\"form-horizontal\">\r\n    <legend>1. Spalte</legend>\r\n\r\n    <div class=\"form-group\">\r\n        <label class=\"col-sm-2 control-label\">Bild</label>\r\n        <div class=\"col-sm-10\">\r\n            REX_MEDIA[id=\"1\" widget=\"1\"]\r\n        </div>\r\n    </div>\r\n\r\n</fieldset>\r\n\r\n','2022-01-14 20:15:05','admin','2022-01-14 20:15:05','admin','',0),
  (4,NULL,'04. Bildergalerie','<?php\r\n$content = \'\';\r\n\r\nif (\"REX_MEDIALIST[1]\" != \'\') {\r\n\r\n    $imagelist = explode(\',\', \"REX_MEDIALIST[1]\");\r\n\r\n    $content = PHP_EOL . \'<div class=\"picgallery uk-margin-bottom\">\' . PHP_EOL;\r\n    $content .= \'<div class=\"uk-child-width-1-2@s uk-child-width-1-2@m uk-child-width-1-3@l uk-grid-collapse\" uk-grid>\' . PHP_EOL;\r\n    \r\n    foreach ($imagelist as $file) {\r\n        $media = rex_media::get($file);\r\n\r\n        if ($media) {\r\n\r\n            $mediatitle = $media->getValue(\'title\');\r\n            $mediadesc = str_replace(array(\"\\r\\n\", \"\\n\", \"\\r\"), \' \', $media->getValue(\'med_description\'));\r\n            $medialink = $media->getUrl();\r\n            if (rex::isBackend()) {\r\n                $thumbnail = rex_url::base() . \'index.php?rex_media_type=rex_media_small&rex_media_file=\' . $file;\r\n                $imgsrc = \'src=\"\' . $thumbnail . \'\"\';\r\n            } else {\r\n                $thumbnail = rex_url::base() . \'index.php?rex_media_type=rex_media_medium&rex_media_file=\' . $file;\r\n                $imgsrc = \'data-src=\"\' . $thumbnail . \'\"\';\r\n            }\r\n\r\n            $content .= \'    <div><div class=\"uk-padding-small\">\' . PHP_EOL;\r\n            $content .= \'        <a href=\"\' . $medialink . \'\" class=\"gallery\" data-gallery=\"gallery:REX_SLICE_ID\" uk-tooltip title=\"\' . $mediatitle . \'\" data-glightbox=\"description: \' . $mediatitle . \'\">\' . PHP_EOL;\r\n            $content .= \'        <img class=\"thumbnail\" \' . $imgsrc . \' alt=\"\' . $mediatitle . \'\" uk-tooltip title=\"\' . $mediatitle . \'\">\' . PHP_EOL;\r\n            $content .= \'        </a>\' . PHP_EOL;\r\n            $content .= \'    </div></div>\' . PHP_EOL;\r\n        \r\n        }\r\n    }\r\n\r\n    $content .= \'</div></div>\' . PHP_EOL;\r\n\r\n}\r\n\r\necho $content;\r\n?>','<fieldset class=\"form-horizontal\">\r\n    <legend>Galerie</legend>\r\n\r\n    <div class=\"form-group\">\r\n        <label class=\"col-sm-2 control-label\" for=\"headline\">Bilder</label>\r\n        <div class=\"col-sm-10\">\r\n            REX_MEDIALIST[id=\"1\" widget=\"1\"]\r\n        </div>\r\n    </div>\r\n\r\n</fieldset>','2022-01-14 20:15:05','admin','2022-02-14 01:14:37','admin','',0),
  (5,NULL,'20. Scrolldown/Scrollup-Arrow','<?php\r\nif (rex::isBackend()) {\r\n    echo \'Scroll-\' . strtoupper(REX_VALUE[11]) . \'-Arrow\';\r\n}\r\n?>\r\n\r\n<div class=\"container arrowcontainer\"><a class=\"arrowREX_VALUE[11] arrowREX_VALUE[11]-REX_CATEGORY_ID\" href=\"#\"><span></span></a></div>\r\n','<fieldset class=\"form-horizontal\">\r\n\r\n    <div class=\"form-group\">\r\n        <label class=\"col-sm-2 control-label\" for=\"arrow-direction\">Scroll-Richtung</label>\r\n        <div class=\"col-sm-10\">\r\n            <?php\r\n                $options = array(\r\n                \'down\'=>\'Scoll-DOWN\',\r\n                \'up\'=>\'Scroll-UP\'\r\n            );\r\n            ?>\r\n            <select name=\"REX_INPUT_VALUE[11]\" id=\"arrow-direction\" class=\"form-control\">\r\n            <?php foreach ($options as $k=>$v) : ?>\r\n            <option value=\"<?php echo $k; ?>\"<?php if ($k == \"REX_VALUE[11]\") echo \' selected=\"selected\"\' ?>><?php echo $v; ?></option>\r\n            <?php endforeach ?>\r\n            </select>\r\n        </div>\r\n    </div>\r\n\r\n</fieldset>\r\n','2022-01-14 20:15:05','admin','2022-01-14 20:15:05','admin','',0),
  (6,NULL,'30. Download','<?php\r\nif (\"REX_VALUE[2]\" != \'\') {\r\n    echo \'<REX_VALUE[3]>REX_VALUE[2]</REX_VALUE[3]>\' . PHP_EOL;\r\n}\r\n\r\nif (\"REX_MEDIALIST[1]\" != \'\') {\r\n    echo \'<div class=\"container uk-margin-bottom\">\' . PHP_EOL;\r\n    echo \'<div class=\"uk-grid-small uk-child-width-1-2@m uk-child-width-1-3@l uk-text-center\" uk-grid>\' . PHP_EOL;\r\n\r\n    // Find out file size\r\n    if (!function_exists(\'datei_groesse\')) {\r\n        function datei_groesse($URL) {\r\n\r\n            $groesse = filesize($URL);\r\n            if($groesse<1000) {\r\n                return number_format($groesse, 0, \",\", \".\").\" Bytes\";\r\n            }\r\n            elseif($groesse<1000000) {\r\n                return number_format($groesse/1024, 0, \",\", \".\").\" kB\";\r\n            } else {\r\n                return number_format($groesse/1048576, 0, \",\", \".\").\" MB\";\r\n            }\r\n        }\r\n    }\r\n\r\n    // Find out icon\r\n    if (!function_exists(\'parse_icon\')) {\r\n        function parse_icon($ext) {\r\n            switch (strtolower($ext)) {\r\n                case \'doc\': return \'<i class=\"fas fa-file-word\"></i>\';\r\n                case \'pdf\': return \'<i class=\"fas fa-file-pdf\"></i>\';\r\n                case \'zip\': return \'<i class=\"fas fa-file-archive\"></i>\';\r\n                case \'svg\': return \'<i class=\"fas fa-file-image\"></i>\';\r\n                case \'jpg\': return \'<i class=\"fas fa-file-image\"></i>\';    \r\n                case \'png\': return \'<i class=\"fas fa-file-image\"></i>\';\r\n                // please add your own settings, e.g. with icons of Font-Awesome\r\n                default:\r\n                    return \'<i class=\"fas fa-download\"></i>\';\r\n            }\r\n        }\r\n    }\r\n\r\n    $arr = explode(\",\",\"REX_MEDIALIST[1]\");\r\n    foreach ($arr as $value) {\r\n\r\n        $extension = substr(strrchr($value, \'.\'), 1);\r\n        $parsed_icon = parse_icon($extension);\r\n        $media = rex_media::get($value);\r\n        $file_desc = $media->getValue(\'med_description\');\r\n\r\n        echo \'  <div>\' . PHP_EOL;\r\n        echo \'    <a href=\"\' . rex_getUrl(8, $this->clang, array (\'file\' => $value) ) . \'\" uk-tooltip title=\"Download \' . $value . \'\">\' . PHP_EOL;\r\n        echo \'      <div class=\"uk-card uk-card-small uk-card-body\">\' . PHP_EOL;\r\n\r\n        // Description as linktext, if there is one. Otherwise filename\r\n\r\n        echo $parsed_icon;\r\n        if ($file_desc != \"\") {\r\n            echo $file_desc;\r\n        } else {\r\n            echo $value;\r\n        }\r\n\r\n        echo \' (\'.datei_groesse(rex_path::media($value)).\')\' . PHP_EOL;\r\n        echo \'      </div>\' . PHP_EOL;\r\n        echo \'    </a>\' . PHP_EOL;\r\n        echo \'  </div>\' . PHP_EOL;\r\n    }\r\n\r\n    echo \'</div>\' . PHP_EOL;\r\n    echo \'</div>\' . PHP_EOL;\r\n}\r\n?>','<fieldset class=\"form-horizontal\">\r\n    <legend>Downloads</legend>\r\n\r\n    <div class=\"form-group\">\r\n        <label class=\"col-sm-2 control-label\" for=\"headline\">Überschrift</label>\r\n        <div class=\"col-sm-10\">\r\n            <input class=\"form-control\" id=\"headline\" type=\"text\" name=\"REX_INPUT_VALUE[2]\" value=\"REX_VALUE[2]\" />\r\n        </div>\r\n    </div>\r\n\r\n    <div class=\"form-group\">\r\n        <label class=\"col-sm-2 control-label\" for=\"headline-level\">Überschrift-Ebene</label>\r\n        <div class=\"col-sm-10\">\r\n            <?php\r\n                $options = array(\r\n                \'h2\'=>\'2. Ebene\',\r\n                \'h3\'=>\'3. Ebene\'\r\n            );\r\n            ?>\r\n            <select name=\"REX_INPUT_VALUE[3]\" id=\"headline-level\" class=\"form-control\">\r\n            <?php foreach ($options as $k=>$v) : ?>\r\n            <option value=\"<?php echo $k; ?>\"<?php if ($k == \"REX_VALUE[3]\") echo \' selected=\"selected\"\' ?>><?php echo $v; ?></option>\r\n            <?php endforeach ?>\r\n            </select>\r\n        </div>\r\n    </div>\r\n\r\n    <div class=\"form-group\">\r\n        <label class=\"col-sm-2 control-label\" for=\"headline\">Dateien zum Download</label>\r\n        <div class=\"col-sm-10\">\r\n            REX_MEDIALIST[id=\"1\" widget=\"1\"]\r\n        </div>\r\n    </div>\r\n\r\n</fieldset>\r\n','2022-01-14 20:15:05','admin','2022-01-14 20:15:05','admin','',0),
  (7,NULL,'02. Zentrierter Text (1 - 3 Spalten)','<?php\r\n$grid_content1 = \'\';\r\n$grid_content2 = \'\';\r\n$grid_content3 = \'\';\r\n\r\nif (!function_exists(\'_url_convert\')){\r\n    function _url_convert($input) {\r\n        $pattern = \'@(http(s)?://)?(([a-zA-Z])([-\\w]+\\.)+([^\\s\\.]+[^\\s]*)+[^,.\\s])@\';\r\n        return $output = preg_replace($pattern, \'<a href=\"http$2://$3\">$0</a>\', $input);\r\n    }\r\n}\r\n\r\n// col1\r\nif (\'REX_VALUE[id=1 isset=1]\') {\r\n    if (class_exists(\'rex_markdown\')) {\r\n        $grid_content1 .= rex_markdown::factory()->parse(\'REX_VALUE[id=1 output=\"html\"]\');\r\n    } else {\r\n        $grid_content1 .= nl2br(_url_convert(\'REX_VALUE[id=1 output=\"html\"]\'));\r\n    }\r\n}\r\n\r\n// col2\r\nif (\'REX_VALUE[id=2 isset=1]\') {\r\n    if (class_exists(\'rex_markdown\')) {\r\n        $grid_content2 .= rex_markdown::factory()->parse(\'REX_VALUE[id=2 output=\"html\"]\');\r\n    } else {\r\n        $grid_content2 .= nl2br(_url_convert(\'REX_VALUE[id=2 output=\"html\"]\'));\r\n    }\r\n}\r\n\r\n// col3\r\nif (\'REX_VALUE[id=3 isset=1]\') {\r\n    if (class_exists(\'rex_markdown\')) {	\r\n        $grid_content3 .= rex_markdown::factory()->parse(\'REX_VALUE[id=3 output=\"html\"]\');\r\n    } else {\r\n        $grid_content3 .= nl2br(_url_convert(\'REX_VALUE[id=3 output=\"html\"]\'));\r\n    }\r\n}\r\n\r\nif (\"REX_VALUE[10]\" != \'\') {\r\n    echo PHP_EOL .\'<REX_VALUE[11] class=\"headline\">REX_VALUE[10]</REX_VALUE[11]>\' . PHP_EOL;\r\n}\r\nif ($grid_content1 <> \'\' or $grid_content2 <> \'\' or $grid_content3 <> \'\')\r\n{\r\n    echo PHP_EOL . \'<div class=\"uk-margin-bottom\">\' . PHP_EOL;\r\n    echo \'<div class=\"uk-child-width-1-REX_VALUE[9]@m uk-grid-small uk-grid-match\" uk-grid>\' . PHP_EOL;\r\n\r\n    // 2cols\r\n    if (\"REX_VALUE[9]\" == \'2\')  {\r\n        echo \'<div><div class=\"uk-card uk-card-body uk-text-center pictext\">\' . PHP_EOL;\r\n        echo $grid_content1 . PHP_EOL;\r\n        echo \'</div></div>\' . PHP_EOL;\r\n        echo \'<div><div class=\"uk-card uk-card-body uk-text-center pictext\">\' . PHP_EOL;\r\n        echo $grid_content2 . PHP_EOL;\r\n        echo \'</div></div>\' . PHP_EOL;\r\n    // 3cols\r\n    } elseif (\"REX_VALUE[9]\" == \'3\') {\r\n        echo \'<div><div class=\"uk-card uk-card-body uk-text-center pictext\">\' . PHP_EOL;\r\n        echo $grid_content1 . PHP_EOL;\r\n        echo \'</div></div>\' . PHP_EOL;\r\n        echo \'<div><div class=\"uk-card uk-card-body uk-text-center pictext\">\' . PHP_EOL;\r\n        echo $grid_content2 . PHP_EOL;\r\n        echo \'</div></div>\' . PHP_EOL;\r\n        echo \'<div><div class=\"uk-card uk-card-body uk-text-center pictext\">\' . PHP_EOL;\r\n        echo $grid_content3 . PHP_EOL;\r\n        echo \'</div></div>\' . PHP_EOL;\r\n    // 1col\r\n    } else {\r\n        echo \'<div><div class=\"uk-card uk-card-body uk-text-center pictext\">\' . PHP_EOL;\r\n        echo $grid_content1 . PHP_EOL;\r\n        echo \'</div></div>\' . PHP_EOL;\r\n    }\r\n    \r\n    echo \'</div>\' . PHP_EOL;\r\n    echo \'</div>\' . PHP_EOL;\r\n}\r\n?>','<!-- *******************************************************\r\nTEXT UND BILD IN SPALTEN\r\n******************************************************** -->\r\n\r\n<script type=\"text/javascript\">\r\njQuery(function($){\r\n    $(document).ready(function(){\r\n        $(\'select#choices\').change(function() {\r\n            $(\'.off\').hide();\r\n            for(var i = 1; i <= parseInt($(this).val()); i++) {\r\n                $(\'#col\' + i).show();\r\n            }\r\n        });\r\n        $(\'select#choices\').change();\r\n    })\r\n});\r\n</script>\r\n\r\n<fieldset class=\"form-horizontal\">\r\n    <div class=\"form-group\">\r\n        <label class=\"col-sm-2 control-label\" for=\"choices\">Spalten</label>\r\n        <div class=\"col-sm-10\">\r\n            <?php\r\n                $options = array(\r\n                \'1\'=>\'volle Breite\',\r\n                \'2\'=>\'zwei Spalten\',\r\n                \'3\'=>\'drei Spalten\'\r\n            );\r\n            ?>\r\n            <select name=\"REX_INPUT_VALUE[9]\" id=\"choices\" class=\"form-control\">\r\n            <?php foreach ($options as $k=>$v) : ?>\r\n            <option value=\"<?php echo $k; ?>\"<?php if ($k == \"REX_VALUE[9]\") echo \' selected=\"selected\"\' ?>><?php echo $v; ?></option>\r\n            <?php endforeach ?>\r\n            </select>\r\n        </div>\r\n    </div>\r\n\r\n    <div class=\"form-group\">\r\n        <label class=\"col-sm-2 control-label\" for=\"headline\">Überschrift</label>\r\n        <div class=\"col-sm-10\">\r\n            <input class=\"form-control\" id=\"headline\" type=\"text\" name=\"REX_INPUT_VALUE[10]\" value=\"REX_VALUE[10]\" />\r\n        </div>\r\n    </div>\r\n\r\n    <div class=\"form-group\">\r\n        <label class=\"col-sm-2 control-label\" for=\"headline-level\">Überschrift-Ebene</label>\r\n        <div class=\"col-sm-10\">\r\n            <?php\r\n                $options = array(\r\n                \'h1\'=>\'1. Ebene (H1)\',\r\n                \'h2\'=>\'2. Ebene (H2)\',\r\n                \'h3\'=>\'3. Ebene (H3)\'\r\n            );\r\n            ?>\r\n            <select name=\"REX_INPUT_VALUE[11]\" id=\"headline-level\" class=\"form-control\">\r\n            <?php foreach ($options as $k=>$v) : ?>\r\n            <option value=\"<?php echo $k; ?>\"<?php if ($k == \"REX_VALUE[11]\") echo \' selected=\"selected\"\' ?>><?php echo $v; ?></option>\r\n            <?php endforeach ?>\r\n            </select>\r\n        </div>\r\n    </div>\r\n</fieldset>\r\n\r\n<fieldset class=\"form-horizontal\">\r\n    <legend>1. Spalte</legend>\r\n\r\n    <div class=\"form-group\">\r\n        <label class=\"col-sm-2 control-label\" for=\"markitup_textile_1\">Text</label>\r\n        <div class=\"col-sm-10\">\r\n            <textarea cols=\"1\" rows=\"10\" class=\"form-control markitupEditor-textile_full\" id=\"markitup_textile_1\" name=\"REX_INPUT_VALUE[1]\">REX_VALUE[1]</textarea>\r\n        </div>\r\n    </div>\r\n</fieldset>\r\n\r\n\r\n\r\n<fieldset class=\"form-horizontal off\" id=\"col2\">\r\n    <legend>2. Spalte</legend>\r\n\r\n    <div class=\"form-group\">\r\n        <label class=\"col-sm-2 control-label\" for=\"markitup_textile_2\">Text</label>\r\n        <div class=\"col-sm-10\">\r\n            <textarea cols=\"1\" rows=\"10\" class=\"form-control markitupEditor-textile_full\" id=\"markitup_textile_2\" name=\"REX_INPUT_VALUE[2]\">REX_VALUE[2]</textarea>\r\n        </div>\r\n    </div>\r\n</fieldset>\r\n\r\n\r\n<fieldset class=\"form-horizontal off\" id=\"col3\">\r\n    <legend>3. Spalte</legend>\r\n\r\n    <div class=\"form-group\">\r\n        <label class=\"col-sm-2 control-label\" for=\"markitup_textile_3\">Text</label>\r\n        <div class=\"col-sm-10\">\r\n            <textarea cols=\"1\" rows=\"10\" class=\"form-control markitupEditor-full\" id=\"markitup_textile_3\" name=\"REX_INPUT_VALUE[3]\">REX_VALUE[3]</textarea>\r\n        </div>\r\n    </div>\r\n</fieldset>\r\n','2022-01-14 20:15:05','admin','2022-02-11 20:21:27','admin',NULL,0),
  (8,NULL,'99. PHP/HTML-Code','REX_VALUE[id=1 output=php]','<strong>PHP/HTML-Code:</strong><br>\r\n<textarea rows=\"16\" class=\"form-control rex-code\" style=\"width:100%;\" name=\"REX_INPUT_VALUE[1]\">REX_VALUE[1]</textarea>','2022-01-14 20:15:05','admin','2022-01-14 20:15:05','admin',NULL,0),
  (9,NULL,'05. Video','','','2022-02-11 20:08:15','admin','0000-00-00 00:00:00','',NULL,0);
/*!40000 ALTER TABLE `rex_module` ENABLE KEYS */;
UNLOCK TABLES;

DROP TABLE IF EXISTS `rex_template`;
CREATE TABLE `rex_template` (
  `id` int(10) unsigned NOT NULL AUTO_INCREMENT,
  `key` varchar(191) COLLATE utf8mb4_unicode_ci DEFAULT NULL,
  `name` varchar(255) COLLATE utf8mb4_unicode_ci DEFAULT NULL,
  `content` mediumtext COLLATE utf8mb4_unicode_ci DEFAULT NULL,
  `active` tinyint(1) DEFAULT NULL,
  `createdate` datetime NOT NULL,
  `createuser` varchar(255) COLLATE utf8mb4_unicode_ci NOT NULL,
  `updatedate` datetime NOT NULL,
  `updateuser` varchar(255) COLLATE utf8mb4_unicode_ci NOT NULL,
  `attributes` text COLLATE utf8mb4_unicode_ci DEFAULT NULL,
  `revision` int(11) NOT NULL,
  PRIMARY KEY (`id`),
  UNIQUE KEY `key` (`key`)
) ENGINE=InnoDB AUTO_INCREMENT=9 DEFAULT CHARSET=utf8mb4 COLLATE=utf8mb4_unicode_ci;

LOCK TABLES `rex_template` WRITE;
/*!40000 ALTER TABLE `rex_template` DISABLE KEYS */;
INSERT INTO `rex_template` VALUES 
  (1,NULL,'01. Standard','<?php if (rex_request(\'type\',\'string\',\'\') == \'lightboxcontent\') { ?>\r\nREX_TEMPLATE[8]\r\n<?php die; } ?>\r\nREX_TEMPLATE[2 comment=\'PHP Header\']\r\nREX_TEMPLATE[3 comment=\'HTML Header]\r\n<?php\r\n\r\n$rootCategories = rex_category::getRootCategories(true);\r\n\r\nif (!empty($rootCategories)) {\r\n\r\n    $addon = rex_addon::get(\'demo_fullpage\');\r\n    \r\n    $_navtooltip = $addon->getConfig(\'shownavigationtooltip\');\r\n    $_use_subcats = $addon->getConfig(\'usesubcategories\');\r\n    $_autoscroll = $addon->getConfig(\'autoscrolling\');\r\n\r\n    $_mainnav = \'\';\r\n    $_mainnav .= \'	<nav class=\"main-navigation\">\' . PHP_EOL;\r\n    $_mainnav .= \'		<div class=\"pagelogo\">\' . PHP_EOL;\r\n    $_mainnav .= \'			<img src=\"\' . $fullpagedemo[\'logo\'] . \'\" alt=\"\' . $fullpagedemo[\'logotitle\'] . \'\" uk-tooltip=\"pos: bottom\" title=\"\' . $fullpagedemo[\'logotitle\'] . \'\">\' . PHP_EOL;\r\n    $_mainnav .= \'		</div>\' . PHP_EOL;\r\n    $_mainnav .= \'		<button class=\"hamburger\" type=\"button\"><span class=\"hamburger-box\"><span class=\"hamburger-inner\"></span></span></button>\' . PHP_EOL;\r\n    $_mainnav .= \'		<ul class=\"mainnav\">\' . PHP_EOL;\r\n    \r\n    $_content = \'\';\r\n    $even = true;\r\n\r\n    $sectionindex = 0 ;\r\n    foreach ($rootCategories as $cat) {\r\n        if ($cat->isOnline(true)) {\r\n            $sectionindex++;\r\n            \r\n            $href = rex_string::normalize(htmlspecialchars($cat->getName()));\r\n            $name = htmlspecialchars($cat->getName());\r\n\r\n            // Main navigation\r\n            $hideclass = \'\';\r\n            if ($cat->getValue(\'cat_fullpage_nomenu\') == \'|true|\') {\r\n                $hideclass = \' hide-mainnav\';\r\n            }\r\n            $_mainnav .= \'			<li data-menuanchor=\"\' . $href . \'\" class=\"mainnaventry-\' . $cat->getId() . $hideclass .\'\"><a href=\"#\' . $href . \'\" data-sectionid=\"\' . $cat->getId() . \'\">\' . $name . \'</a></li>\' . PHP_EOL;\r\n\r\n            // Section tooltip\r\n            if ($_navtooltip) {\r\n                $tooltip = \' data-tooltip=\"\' . $name . \'\"\';\r\n            } else {\r\n                $tooltip = \'\';\r\n            }\r\n\r\n            // Section background-color, background-image and background-video from category\r\n            $_style = array();\r\n            $video = \'\';\r\n            if ($cat->getValue(\'cat_fullpage_bgcolor\')) {\r\n                $_style[\'bgcolor\'] = \'background-color:\' . $cat->getValue(\'cat_fullpage_bgcolor\') . \';\';\r\n            }\r\n            if ($cat->getValue(\'cat_fullpage_bgimage\')) {\r\n                $_style[\'bgimage\'] = \'background-image:url(\' . rex_url::media($cat->getValue(\'cat_fullpage_bgimage\')) . \');\';\r\n            }\r\n            if ($cat->getValue(\'cat_fullpage_bgvideo\') <> \'\') {\r\n                $media = rex_media::get($cat->getValue(\'cat_fullpage_bgvideo\'));\r\n                if ($media) {\r\n                    $video = \' data-bgvideo=\"\' . rex_url::media($cat->getValue(\'cat_fullpage_bgvideo\')) . \'\"\';\r\n                    $video .= \' data-videotype=\"\' . $media->getType() . \'\"\';\r\n                }\r\n            }\r\n            \r\n            // Section background-color and background-image from article\r\n            $_artid = $cat->getId();\r\n            if ($_artid) {\r\n                $_art = new rex_article_content($_artid);\r\n                if ($_art->getValue(\'art_fullpage_bgcolor\')) {\r\n                    $_style[\'bgcolor\'] = \'background-color:\' . $_art->getValue(\'art_fullpage_bgcolor\') . \';\';\r\n                }\r\n                if ($_art->getValue(\'art_fullpage_bgimage\')) {\r\n                    $_style[\'bgimage\'] = \'background-image:url(\' . rex_url::media($_art->getValue(\'art_fullpage_bgimage\')) . \');\';\r\n                }\r\n                if ($_art->getValue(\'art_fullpage_bgvideo\') <> \'\') {\r\n                    $media = rex_media::get($_art->getValue(\'art_fullpage_bgvideo\'));\r\n                    if ($media) {\r\n                        $video = \' data-bgvideo=\"\' . rex_url::media($_art->getValue(\'art_fullpage_bgvideo\')) . \'\"\';\r\n                        $video .= \' data-videotype=\"\' . $media->getType() . \'\"\';\r\n                    }\r\n                }\r\n            }\r\n            \r\n            // Computed section style\r\n            $style = \' style=\"\' . implode(\' \', $_style) . \'\"\';\r\n            if ($style == \' style=\"\"\') $style = \'\';\r\n\r\n            $_slides = array();\r\n            $_pagecontent = \'\';\r\n\r\n            if (!empty($_articles = $cat->getArticles(true))) {\r\n                foreach ($_articles as $_art) {\r\n                    $_slides[] = $_art->getId();\r\n                }\r\n            }\r\n            \r\n            // Artikel der Unterkategorien als horizontale Slides\r\n            if ($_use_subcats) {\r\n                if (!empty($_categories = $cat->getChildren(true))) {\r\n                    foreach ($_categories as $_cat) {\r\n                        if (!empty($_articles = $_cat->getArticles(true))) {\r\n                            foreach ($_articles as $_art) {\r\n                                $_slides[] = $_art->getId();\r\n                            }\r\n                        }                        \r\n                    }\r\n                }\r\n            }\r\n\r\n            // Section class, autoheight ?\r\n            $_class = array();\r\n            $_class[] = \'section\';\r\n            $_class[] = \'section-idx-\' . $sectionindex;\r\n            $_class[] = \'section-\' . $cat->getId();\r\n            $_class[] = ($even == true) ? \'section-even\' : \'section-odd\';\r\n            if ($cat->getValue(\'cat_fullpage_autoheight\') == \'|true|\' && (count($_slides) == 1)) { // && !$_autoscroll\r\n                $_class[] = \'fp-auto-height\';\r\n            }\r\n            if (count($_slides) > 1) {\r\n                $_class[] = \'hasslides\';\r\n            }\r\n            $class = implode(\' \', $_class);\r\n\r\n            // Section\r\n            $_content .= \'	<!-- Fullpage-Slide \' . $cat->getId() . \' -->\' . PHP_EOL;\r\n            $_content .= \'	<section class=\"\' . $class . \'\" id=\"section\' . $cat->getId() . \'\" data-anchor=\"\' . $href . \'\" data-idx=\"\' . $sectionindex . \'\" data-cat=\"\' . $cat->getId() . \'\"\' . $tooltip . $style . $video . \'>\' . \"\\n\";\r\n            \r\n            // Nur ein Slide\r\n            if (count($_slides) == 1) {\r\n                foreach ($_slides as $_artid) {\r\n                    $_art = new rex_article_content($_artid);\r\n                    $_pagecontent .= \'		<div class=\"uk-container\">\' . PHP_EOL;\r\n                    $_pagecontent .= $_art->getArticle() . PHP_EOL;\r\n                    $_pagecontent .= \'		</div>\' . PHP_EOL;\r\n                }\r\n            }\r\n\r\n            // Horizontale Slides wenn mehrere Artikel in der Kategorie vorhanden sind, evtl. auch Unterkategorien laut Einstellungen\r\n            $slideindex = -1 ;\r\n            if (count($_slides) > 1) {\r\n                foreach ($_slides as $_artid) {\r\n                    $slideindex++;\r\n                    \r\n                    $_art = new rex_article_content($_artid);\r\n                    $href = rex_string::normalize(htmlspecialchars($_art->getValue(\'name\')));\r\n                    \r\n                    $_class = array();\r\n                    $_class[] = \'slide\';\r\n                    $_class[] = \'slide-\' . $cat->getId() . \'-\' . $_art->getValue(\'id\');\r\n                    $_class[] = \'slide-idx-\' . $slideindex;\r\n                    $class = implode(\' \', $_class);\r\n                    \r\n                    $_style = array();\r\n                    if ($_art->getValue(\'art_fullpage_bgcolor\')) {\r\n                        $_style[\'bgcolor\'] = \'background-color:\' . $_art->getValue(\'art_fullpage_bgcolor\') . \';\';\r\n                    }\r\n                    if ($_art->getValue(\'art_fullpage_bgimage\')) {\r\n                        $_style[\'bgimage\'] = \'background-image:url(\' . rex_url::media($_art->getValue(\'art_fullpage_bgimage\')) . \');\';\r\n                    }\r\n                    $video = \'\';\r\n                    if ($_art->getValue(\'art_fullpage_bgvideo\')) {\r\n                        $media = rex_media::get($_art->getValue(\'art_fullpage_bgvideo\'));\r\n                        if ($media) {\r\n                            $video = \' data-bgvideo=\"\' . rex_url::media($_art->getValue(\'art_fullpage_bgvideo\')) . \'\"\';\r\n                            $video .= \' data-videotype=\"\' . $media->getType() . \'\"\';\r\n                        }\r\n                    }\r\n                    \r\n                    $style = \' style=\"\' . implode(\' \', $_style) . \'\"\';\r\n                    $_pagecontent .= PHP_EOL . \'		<!-- Horizontal Slide \' . $_art->getValue(\'id\') . \' -->\' . PHP_EOL;\r\n                    $_pagecontent .= \'		<div class=\"\' . $class . \'\" id=\"slide\' . $_art->getValue(\'id\') . \'\" data-anchor=\"\' . $href . \'\"\' . $style . $video . \'>\' . PHP_EOL;\r\n                    $_pagecontent .= \'		<div class=\"uk-container\">\' . PHP_EOL;\r\n                    $_pagecontent .= $_art->getArticle() . PHP_EOL;\r\n                    $_pagecontent .= \'		</div>\' . PHP_EOL;\r\n                    $_pagecontent .= \'		</div>\' . PHP_EOL;\r\n                    $slide = \'slide\';\r\n                }\r\n            }\r\n\r\n            $_content .= $_pagecontent;\r\n\r\n            $_content .= \'	</section>\' . \"\\n\\n\";\r\n            $even = !$even;\r\n        }\r\n    }\r\n\r\n    $_mainnav .= \'		</ul>\' . PHP_EOL;\r\n    $_mainnav .= \'	</nav>\' . PHP_EOL;\r\n\r\n}\r\n?>\r\n\r\n<div class=\"pagewrapper\">\r\n\r\n<?php echo $_mainnav; ?>\r\n\r\n    <div class=\"fullpage<?php echo $_autoscroll === \'1\' ? \' autoscroll\' : \'\'; ?>\" data-themeid=\"<?php echo $addon->getConfig(\'theme\'); ?>\">\r\n\r\n<?php echo $_content; ?>\r\n    </div> <!-- /fullpage -->\r\n\r\n</div> <!-- /pagewrapper -->\r\n\r\nREX_TEMPLATE[4 comment=\'Footer\']',1,'2022-02-15 21:41:53','admin','2022-02-15 21:41:53','admin','{\"ctype\":[],\"modules\":{\"1\":{\"all\":\"1\"}},\"categories\":{\"all\":\"1\"}}',0),
  (2,NULL,'10. PHP Header','<?php\r\n// Error report should only be active during development. Deavtivate (0) on a live website\r\n// error_reporting(0);\r\nerror_reporting(E_ALL);\r\n\r\n// Is User not logged in?\r\nif (!rex_backend_login::hasSession()) {\r\n    // Is current article offline?\r\n    if ($this->getValue(\'status\') == 0) {\r\n        // redirect to 404 page\r\n        header(\'HTTP/1.1 301 Moved Permanently\');\r\n        header(\'Location: \' . rex_getUrl(rex_article::getNotFoundArticleId(), rex_clang::getCurrentId()));\r\n        die();\r\n    }\r\n}\r\n\r\n// set charset to utf8\r\nheader(\'Content-Type: text/html; charset=utf-8\');\r\n\r\n// setLocale is a language meta field, set your individual locale informations per language\r\nsetlocale(LC_ALL, rex_clang::getCurrent()->getValue(\'clang_setlocale\'));\r\n\r\n// Use article title as title-Tag, unless a custom title-tag is set\r\nif ($this->getValue(\'art_title\') != \'\') {\r\n    $title = htmlspecialchars($this->getValue(\'art_title\'));\r\n} else {\r\n    $title = htmlspecialchars($this->getValue(\'name\'));\r\n}\r\n\r\n// Keywords and description\r\n// If current article does not have keywords and description, take them from start article\r\nif ($this->getValue(\'art_keywords\') != \'\') {\r\n    $keywords = htmlspecialchars($this->getValue(\'art_keywords\'));\r\n} else {\r\n    $home = new rex_article_content(rex_article::getSiteStartArticleId());\r\n    $keywords = htmlspecialchars($home->getValue(\'art_keywords\'));\r\n}\r\n\r\nif ($this->getValue(\'art_description\') != \'\') {\r\n    $description = htmlspecialchars($this->getValue(\'art_description\'));\r\n} else {\r\n    $home = new rex_article_content(rex_article::getSiteStartArticleId());\r\n    $description = htmlspecialchars($home->getValue(\'art_description\'));\r\n}\r\n\r\n// Theme aus Addon-Einstellungen (addon demo_fullpage)\r\n$fullpagedemo[\'theme\'] = rex_addon::get(\'demo_fullpage\')->getConfig(\'theme\');\r\n$xtheme = rex_request(\'theme\', \'string\', \'\');\r\nif ($xtheme <> \'\' and file_exists(\'assets/addons/demo_fullpage/themes/\' . $xtheme)) {\r\n    $fullpagedemo[\'theme\'] = $xtheme;\r\n}\r\n\r\n// Logo aus Addon-Einstellungen (addon demo_fullpage)\r\n$fullpagedemo[\'logo\'] = rex_addon::get(\'demo_fullpage\')->getConfig(\'logo\');\r\nif ($fullpagedemo[\'logo\'] == \'\') {\r\n    if (file_exists(rex_url::base(\'assets/addons/demo_fullpage/themes/\' . $fullpagedemo[\'theme\'] . \'/img/\' . \'logo.svg\'))) {\r\n        $fullpagedemo[\'logo\'] = rex_url::base(\'assets/addons/demo_fullpage/themes/\' . $fullpagedemo[\'theme\'] . \'/img/\' . \'logo.svg\');\r\n    } else {\r\n        $fullpagedemo[\'logo\'] = rex_url::base(\'assets/addons/demo_fullpage/themes/\' . $fullpagedemo[\'theme\'] . \'/img/\' . \'logo.png\');\r\n    }\r\n} else {\r\n    $fullpagedemo[\'logo\'] = rex_url::base(\'media/\' . $fullpagedemo[\'logo\']);\r\n}\r\n$fullpagedemo[\'logotitle\'] = trim(rex::getServerName());\r\nif ($fullpagedemo[\'logotitle\'] == \'\') {\r\n    $fullpagedemo[\'logotitle\'] = \'Fullpage-Demo für das REDAXO CMS\';\r\n}\r\n?><!DOCTYPE html>',0,'2022-01-14 20:15:05','admin','2022-01-14 20:15:05','admin','{\"ctype\":[],\"modules\":{\"1\":{\"all\":\"1\"}},\"categories\":{\"all\":\"1\"}}',0),
  (3,NULL,'11. HTML-Header','<html lang=\"<?php echo rex_clang::getCurrent()->getCode(); ?>\">\r\n<head>\r\n\r\n<!--\r\n    Fullpage-Demo für REDAXO 5\r\n    https://redaxo.org/\r\n    https://friendsofredaxo.github.io/\r\n    https://github.com/FriendsOfREDAXO/demo_fullpage\r\n-->\r\n\r\n    <meta charset=\"utf-8\">\r\n    <meta http-equiv=\"X-UA-Compatible\" content=\"IE=edge\" />\r\n    <meta name=\"viewport\" content=\"width=device-width, initial-scale=1\">\r\n\r\n    <title><?php echo $title; ?></title>\r\n    <meta name=\"keywords\" content=\"<?php echo $keywords; ?>\">\r\n    <meta name=\"description\" content=\"<?php echo $description; ?>\">\r\n\r\n    <link rel=\"shortcut icon\" href=\"<?php echo rex_url::base(\'assets/addons/demo_fullpage/themes/\' . $fullpagedemo[\'theme\'] . \'/img/favicon.ico\'); ?>\">\r\n    <link rel=\"icon\" type=\"image/png\" sizes=\"16x16\" href=\"<?php echo rex_url::base(\'assets/addons/demo_fullpage/themes/\' . $fullpagedemo[\'theme\'] . \'/img/favicon-16x16.png\'); ?>\">\r\n    <link rel=\"icon\" type=\"image/png\" sizes=\"16x16\" href=\"<?php echo rex_url::base(\'assets/addons/demo_fullpage/themes/\' . $fullpagedemo[\'theme\'] . \'/img/favicon-32x32.png\'); ?>\">\r\n\r\n    <link rel=\"stylesheet\" href=\"<?php echo rex_url::base(\'assets/addons/demo_fullpage/css/uikit.min.css\'); ?>\">\r\n    <link rel=\"stylesheet\" href=\"<?php echo rex_url::base(\'assets/addons/demo_fullpage/css/jquery.fullpage.min.css\'); ?>\">\r\n\r\n    <link rel=\"stylesheet\" href=\"<?php echo rex_url::base(\'assets/addons/demo_fullpage/themes/\' . $fullpagedemo[\'theme\'] . \'/css/theme.min.css\'); ?>\">\r\n\r\n</head>\r\n\r\n<body>\r\n\r\n<div class=\"loader\">Loading ...</div>',0,'2022-01-14 20:15:05','admin','2022-01-14 20:15:05','admin','{\"ctype\":[],\"modules\":{\"1\":{\"all\":\"1\"}},\"categories\":{\"all\":\"1\"}}',0),
  (4,NULL,'20. Footer','<!-- Fullpage-Options -->\r\n<script>\r\nvar fps_options = {\r\n<?php\r\n$addon = rex_addon::get(\'demo_fullpage\');\r\n$opts = array();\r\n    \r\n$opts[] = $addon->getConfig(\'showscrollbar\') ? \'  scrollBar: true\' : \'  scrollBar: false\';\r\n$opts[] = \'  responsiveWidth: \' . $addon->getConfig(\'responsivewidth\');\r\n$opts[] = \'  responsiveHeight: \' . $addon->getConfig(\'responsiveheight\');\r\n$opts[] = \'  scrollingSpeed: \' . $addon->getConfig(\'scrollingspeed\');\r\nif ($addon->getConfig(\'autoscrolling\')) {\r\n    $opts[] = \'  autoScrolling: true\';\r\n    $opts[] = \'  fitToSection: true\';\r\n} else {\r\n    $opts[] = \'  autoScrolling: false\';\r\n    $opts[] = \'  fitToSection: false\';\r\n}\r\nif ($addon->getConfig(\'shownavigation\')) {\r\n    $opts[] = \'  navigation: true\';\r\n    $opts[] = \'  navigationPosition: \\\'\' . $addon->getConfig(\'navigationposition\') . \'\\\'\';\r\n} else {\r\n    $opts[] = \'  navigation: false\';\r\n    $opts[] = \'  navigationPosition: \\\'\' . $addon->getConfig(\'navigationposition\') . \'\\\'\';\r\n}\r\n$opts[] = $addon->getConfig(\'showslidearrows\') ? \'  controlArrows: true\' : \'  controlArrows: false\';\r\nif ($addon->getConfig(\'showslidenavigation\')) {\r\n    $opts[] = \'  slidesNavigation: true\';\r\n    $opts[] = \'  slidesNavPosition: \\\'\' . $addon->getConfig(\'slidenavigationposition\') . \'\\\'\';\r\n} else {\r\n    $opts[] = \'  slidesNavigation: false\';\r\n    $opts[] = \'  slidesNavPosition: \\\'\' . $addon->getConfig(\'slidenavigationposition\') . \'\\\'\';\r\n}\r\n    \r\necho implode(\",\".PHP_EOL, $opts) . PHP_EOL;\r\n?>\r\n};\r\n</script>\r\n\r\n<!-- Javascript --> \r\n<script defer src=\"<?php echo rex_url::base(\'assets/addons/demo_fullpage/js/jquery.min.js\') ?>\"></script>\r\n<script defer src=\"<?php echo rex_url::base(\'assets/addons/demo_fullpage/js/jquery.fullpage.min.js\') ?>\"></script>\r\n<script defer src=\"<?php echo rex_url::base(\'assets/addons/demo_fullpage/js/uikit.min.js\') ?>\"></script>\r\n<script defer src=\"<?php echo rex_url::base(\'assets/addons/demo_fullpage/js/uikit-icons.min.js\') ?>\"></script>\r\n\r\n<script defer src=\"<?php echo rex_url::base(\'assets/addons/demo_fullpage/themes/\' . $fullpagedemo[\'theme\'] . \'/js/theme.js\') ?>\"></script>\r\n\r\nREX_TEMPLATE[7 comment=\'Style Switcher\']\r\n\r\n</body>\r\n</html>',1,'2022-01-14 20:15:05','admin','2022-01-14 20:15:05','admin','{\"ctype\":[],\"modules\":{\"1\":{\"all\":\"1\"}},\"categories\":{\"all\":\"1\"}}',0),
  (5,NULL,'99. Download','<?php\r\n$file_name = strtolower(preg_replace(\"/[^a-zA-Z0-9.\\-\\$\\+]/\",\"_\", rex_request(\'file\', \'string\')));\r\n$file_type = \"application/octetstream\";\r\n$file_path = rex_path::media($file_name);\r\n\r\nif ($file_name != \'\' && $fp = @fopen($file_path, \'r\')) {\r\n    header(\"Expires: Mon, 01 Jan 2000 01:01:01 GMT\"); // Date in the past\r\n    header(\"Last-Modified: \" . gmdate(\"D, d M Y H:i:s\") . \" GMT\");// always modified\r\n    header(\"Cache-Control: no-store, no-cache, must-revalidate\");// HTTP/1.1\r\n    header(\"Cache-Control: post-check=0, pre-check=0\", false);\r\n    header(\"Cache-Control: private\");\r\n    header(\"Pragma: no-cache\");\r\n    header(\"Content-Type: $file_type; name=\\\"$file_name\\\"\");\r\n    header(\"Content-Disposition: attachment; filename=\\\"$file_name\\\"\");\r\n    rex_response::cleanOutputBuffers();\r\n    fpassthru ($fp);\r\n    fclose($fp);\r\n    exit;\r\n}\r\nelse\r\n{\r\n    echo \'<div class=\"warning\"\">Download failed</div>\';\r\n}\r\n?>',1,'2022-01-14 20:15:05','admin','2022-01-14 20:15:05','admin','{\"ctype\":[],\"modules\":{\"1\":{\"all\":\"1\"}},\"categories\":{\"all\":\"1\"}}',0),
  (6,NULL,'02. Leeres Template','REX_ARTICLE[]',1,'2022-01-14 20:15:05','admin','2022-01-14 20:15:05','admin','{\"ctype\":[],\"modules\":{\"1\":{\"all\":\"1\"}},\"categories\":{\"all\":\"1\"}}',0),
  (7,NULL,'21. Style-Switcher','<div style=\"display:none;\">REDAXO 5 really rocks!</div>\r\n<div class=\"for\" uk-tooltip title=\"FriendsOfREDAXO - TREX\"><a href=\"https://friendsofredaxo.github.io/\" class=\"newwindow\"></a></div>\r\n\r\n<ul class=\"styleswitch\" title=\"Theme Switch\">\r\n<li><a class=\"coffee\" href=\"<?php echo rex::getServer(); ?>?theme=coffee\" uk-tooltip title=\"Theme coffee\"></a></li>\r\n<li><a class=\"bike\" href=\"<?php echo rex::getServer(); ?>?theme=bike\" uk-tooltip title=\"Theme bike\"></a></li>\r\n<li><a class=\"road\" href=\"<?php echo rex::getServer(); ?>?theme=road\" uk-tooltip title=\"Theme road\"></a></li>\r\n<li><a class=\"minimal\" href=\"<?php echo rex::getServer(); ?>?theme=minimal\" uk-tooltip title=\"Theme minimal\"></a></li>\r\n</ul>',0,'2022-01-14 20:15:05','admin','2022-01-14 20:15:05','admin','{\"ctype\":[],\"modules\":{\"1\":{\"all\":\"1\"}},\"categories\":{\"all\":\"1\"}}',0),
  (8,NULL,'03. lightbox-Template','REX_TEMPLATE[2 comment=\'PHP Header\']<!DOCTYPE html>\r\n<html lang=\"de\">\r\n<head>\r\n\r\n<title>Fullpage-Demo für das REDAXO CMS</title>\r\n\r\n<link rel=\"stylesheet\" href=\"<?php echo rex_url::base(\'assets/addons/demo_fullpage/css/uikit.min.css\'); ?>\">\r\n<link rel=\"stylesheet\" href=\"<?php echo rex_url::base(\'assets/addons/demo_fullpage/themes/\' . $fullpagedemo[\'theme\'] . \'/css/theme.min.css\'); ?>\">\r\n<style>\r\nhtml,body{\r\n    height:100%;\r\n    min-height:100%;\r\n}\r\n</style>\r\n\r\n</head>\r\n\r\n<body class=\"lightbox\">\r\n\r\n<section class=\"lightboxcontent\">    \r\n<div class=\"uk-container\">    \r\n    REX_ARTICLE[]\r\n</div>    \r\n</section>\r\n    \r\n<script src=\"<?php echo rex_url::base(\'assets/addons/demo_fullpage/js/jquery.min.js\') ?>\"></script>\r\n<script defer src=\"<?php echo rex_url::base(\'assets/addons/demo_fullpage/js/uikit.min.js\') ?>\"></script>\r\n<script defer src=\"<?php echo rex_url::base(\'assets/addons/demo_fullpage/js/uikit-icons.min.js\') ?>\"></script>\r\n<script defer src=\"<?php echo rex_url::base(\'assets/addons/demo_fullpage/themes/\' . $fullpagedemo[\'theme\'] . \'/js/theme-lightbox.js\') ?>\"></script>\r\n\r\n</body>\r\n</html>',1,'2022-02-16 00:26:50','admin','2022-02-16 00:26:50','admin','{\"ctype\":[],\"modules\":{\"1\":{\"all\":\"1\"}},\"categories\":{\"all\":\"1\"}}',0);
/*!40000 ALTER TABLE `rex_template` ENABLE KEYS */;
UNLOCK TABLES;

SET FOREIGN_KEY_CHECKS = 1;
